
<TEI.2 id="APB1571">
<project_title>Digital Stephen F. Austin Papers</project_title>
<project_editor>Andrew J. Torget</project_editor>

<document_creation>07-23-1828</document_creation>
<document_citation>Eugene Barker, ed., <hi rend="italic">Annual Report of the American Historical Association for the Year 1922: The Austin Papers</hi>, (Washington, D.C.: Government Printing Office, 1928), 3 vols., Vol 2, pp. 75</document_citation>
<document_language>Spanish</document_language>
<document_status>Unknown</document_status>
<document_type>Letter</document_type>
<document_author>Ramon Musquiz</document_author>
<document_sender></document_sender>
<document_recipient>Alcalde of San Felipe</document_recipient>
<document_title>Ramon Musquiz to Alcalde of San Felipe, 07-23-1828</document_title>
<document_location>
	<sent_from>Bexar, Texas</sent_from>
	<sent_to>Unknown</sent_to>
</document_location>
<barker_notes>
	<barker_summary>Political Chief [Ramon Musquiz] to Alcalde of San Felipe, July 23, 1828. Instructing him to honor Austin's demand for a force of militia to carry out a commission of the Supreme Government.    (Omitted.)</barker_summary>
	<barker_footnotes></barker_footnotes>
	<barker_citation>Eugene Barker, ed., <hi rend="italic">Annual Report of the American Historical Association for the Year 1919: The Austin Papers</hi>, (Washington, D.C.: Government Printing Office, 1924), 3 vols., Vol 1, Part 2, pp. 75</barker_citation>
</barker_notes>
<document_digital_creation>08-07-2010</document_digital_creation>

<respStmt>
<resp>Project Director and Editor: </resp> 
<name>Andrew J. Torget</name>
<resp>Creation of XML version: </resp>
<name>Debbie Liles</name>
</respStmt>
</titleStmt>

<text id="APB1571T">

<body>
<div1 type="summary">
<p>Political Chief [Ramon Musquiz] to Alcalde of San Felipe, July 23, 1828. Instructing him to honor Austin's demand for a force of militia to carry out a commission of the Supreme Government.    (Omitted.)</p>
</div1>

<div1 type="body">

<p><location_mentioned>Bexar</location_mentioned>, <date_mentioned n="07-23-1828">July 23, 1828</date_mentioned>.</p>
<p>See Calendar.</p>

</div1>
</body>
</text>
</TEI.2>
