
<TEI.2 id="APB1325">
<project_title>Digital Stephen F. Austin Papers</project_title>
<project_editor>Andrew J. Torget</project_editor>

<document_creation>11-07-1826</document_creation>
<document_citation>Eugene Barker, ed., <hi rend="italic">Annual Report of the American Historical Association for the Year 1919: The Austin Papers</hi>, (Washington, D.C.: Government Printing Office, 1924), 3 vols., Vol 1, Part 2, pp. 1495-1498</document_citation>
<document_language>English</document_language>
<document_status>Public</document_status>
<document_type>Letter</document_type>
<document_author>Stephen F. Austin</document_author>
<document_sender></document_sender>
<document_recipient>Ayuntamiento of Bexar</document_recipient>
<document_title>Stephen F. Austin to Ayuntamiento of Bexar, 11-07-1826</document_title>
<document_location>
	<sent_from>San Felipe de Austin, Texas</sent_from>
	<sent_to>Bexar, Texas</sent_to>
</document_location>
<barker_notes>
	<barker_summary>Austin to ayuntamiento of Bexar, November 71 1826. Interpretation of law exempting colonists from tariff duties.</barker_summary>
	<barker_footnotes>Translations from Bexar Archives, in Nacogdoches Archives, Texas State Library.</barker_footnotes>
	<barker_citation>Eugene Barker, ed., <hi rend="italic">Annual Report of the American Historical Association for the Year 1919: The Austin Papers</hi>, (Washington, D.C.: Government Printing Office, 1924), 3 vols., Vol 1, Part 2, pp. 1495-1498</barker_citation>
</barker_notes>
<document_digital_creation>07-17-1826</document_digital_creation>

<respStmt>
<resp>Project Director and Editor: </resp> 
<name>Andrew J. Torget</name>
<resp>Creation of XML version: </resp>
<name>Debbie Liles</name>
</respStmt>
</titleStmt>

<text id="APB1325T">

<body>
<div1 type="summary">
<p>Austin to ayuntamiento of Bexar, November 71 1826. Interpretation of law exempting colonists from tariff duties.</p>
</div1>

<div1 type="body">

<p>A letter I have just received from the <person_mentioned>Empresario Green De Witt</person_mentioned>,
dated from <location_mentioned>La Vaca Bayou</location_mentioned>, apprizes me of a disagreeable occurrence
which took place there relative to the seizure of a cargo of goods
consisting, principally of flour, corn, coffee, whiskey and dry goods.
by virtue of the decree of <date_mentioned n="05-20-1824">May the 20th 1824</date_mentioned>, in relation to 
contraband articles. I understand that this cargo was purchased at <location_mentioned>New
Orleans</location_mentioned> by its <person_mentioned>owners </person_mentioned>for the purpose of assisting the <person_mentioned>colonists</person_mentioned>
of that <person_mentioned>Empresario</person_mentioned>, at the commencement of his establishment, under
the impression that the law permitted the introduction of such goods
for the consumption of the <person_mentioned>people </person_mentioned>of <location_mentioned>Texas</location_mentioned>.</p>

<p>I candidly state, that, with the decree of the Sovereign Constituent
Congress, N� 141, of <date_mentioned n="09-29-1823">September the 29th 1823</date_mentioned>, and the Colonization
law in my hand, I should, without the least hesitation have 
introduced the same goods that have been seized; as well for my
own consumption as for the purpose of selling them to the <person_mentioned>people</person_mentioned>
of <location_mentioned>Texas</location_mentioned>. The above mentioned decree clearly declares, in the most
specific terms, the object and intention of <person_mentioned>Congress </person_mentioned>in passing it</p>.

<p>The text of the decree is as follows:</p>

<p>"The Sovereign Mexican Congress, taking into consideration the
deplorable situation to which the <location_mentioned>Province of Texas </location_mentioned>has been 
reduced by <person_mentioned>Indian </person_mentioned>hostilities, and in order to give partial relief to
the destitute condition of her <person_mentioned>civilized people</person_mentioned>, have determined upon
decreeing, and do hereby decree, that all goods of what class soever,
whether home products, or foreign, introduced in the <location_mentioned>Province of
Texas</location_mentioned>, for the consumption of her <person_mentioned>people</person_mentioned>, shall be free from taxes;
and the exemption shall continue in force for the term of seven
years, from the date of the publication of this decree in the <location_mentioned>capital
of said province</location_mentioned>."</p>

<p>Now the object of that decree, was "to give a partial relief to the
destitute condition of her <person_mentioned>people </person_mentioned>" by granting them certain definite
privileges, for a limited term; to which <person_mentioned>Congress </person_mentioned>considered them
entitled in consequence of their sufferings and "the deplorable 
situation to which they were reduced by <person_mentioned>Indian </person_mentioned>hostilities." It is
therefore obvious, that the object of <person_mentioned>Congress </person_mentioned>was to encourage the
<person_mentioned>people </person_mentioned>of <location_mentioned>Texas </location_mentioned>by granting a well determined and clearly defined
privilege, an absolute right, without restriction or reservation 
whatever, except limitation of the term to seven years, during which this
favor is to continue; and this very limitation to a specific term, is,
in my opinion, indisputable proof that the object of <person_mentioned>Congress </person_mentioned>was to
grant and guarantee to the <person_mentioned>people </person_mentioned>of <location_mentioned>Texas </location_mentioned>the full enjoyment and
benefit of the privileges of said decree during that term, without any
reservation of the power to rescind it by another decree, unless in<barker_pb n="1496"/>
cases of abuse, or such criminality on the part of her people as would
place them without the pale of any law. For instance, if <person_mentioned>Congress</person_mentioned>
for sufficient reasons, had, by decree, granted to an <person_mentioned>individual</person_mentioned>, (let
us suppose a <person_mentioned>resident </person_mentioned>of <location_mentioned>Bexar</location_mentioned>) an exclusive right, or privilege to
manufacture powder, or paper, or to introduce, for a limited period,
certain goods free from taxes; and, subsequently by a general 
decree, should prohibit the concession of such privileges to any person;
can it be supposed that the local <person_mentioned>authorities </person_mentioned>of <location_mentioned>Bexar</location_mentioned>, would consider
as annulled, by this latter decree, the special favor granted to that
individual by the former, without any abuse of the privilege on his
part?</p>

<p>There cannot exist more general and at the same time more 
explicit terms, than those of the decree of <date_mentioned n="09-29-1823">September the 29th 1823</date_mentioned>, it
says: " all goods of what class soever, whether home products, or
<person_mentioned>foreign</person_mentioned>;" which includes anything whatever, any production of
every part of the <location_mentioned>world </location_mentioned>" that may be introduced in <location_mentioned>Texas</location_mentioned>." That
is to say, not only by her own <person_mentioned>inhabitants</person_mentioned>, but by any other person
having the right to trade with the <person_mentioned>Mexicans </person_mentioned>and to enter their 
<location_mentioned>territory</location_mentioned>. " For the consumption of her <person_mentioned>inhabitants</person_mentioned>," that is to say,
not only for the consumption of the <person_mentioned>individual </person_mentioned>who may introduce
them, but, also, for the <person_mentioned>purchaser</person_mentioned>, if he is a <person_mentioned>resident of <location_mentioned>Texas</location_mentioned>.</person_mentioned> To
pretend that the <person_mentioned>individual </person_mentioned>who goes personally to <location_mentioned>New Orleans</location_mentioned>, or
any other place, to buy flour, coffee, sugar, etc., for his own 
consumption, has the right to introduce these goods, but not to sell
them to his <person_mentioned>Texian neighbor</person_mentioned> appears to me to be unjust, and 
oppressive, repugnant to the system that rules us and to the Constitution
in every sense, because it amounts to a declaration that the <person_mentioned>rich</person_mentioned>
possess rights the <person_mentioned>poor </person_mentioned>are not to enjoy; that the <person_mentioned>rich man</person_mentioned>, who can
take his gold and silver to purchase his necessaries in <location_mentioned>foreign 
countries</location_mentioned>, can introduce whatever he pleases, and live in luxury; while
the <person_mentioned>poor man</person_mentioned> who earns four reals a day by his labor, or by that
of his mules, horses, or mares, with which he could each day parchase
from a <person_mentioned>merchant</person_mentioned>, the flour, sugar, etc., necessary for the subsistence
of his <person_mentioned>family</person_mentioned>, is deprived of the use of those indispensable articles
because he has not a sufficient capital to absent himself from the
<location_mentioned>country </location_mentioned>and to introduce them expressly for his own consumption.
If a broad construction of this measure is recognized, it appears to
me, that the fundamental principles solemnly acknowledged, and
guaranteed by the Constitution, that all free <person_mentioned>citizens </person_mentioned>are to enjoy
equal privileges and to be equal in the eyes of the law, is a nullity and
a mockery.</p>

<p>This is a very important matter, particularly to the <person_mentioned>older 
inhabitants </person_mentioned>of <location_mentioned>Texas</location_mentioned>, who have been so long exposed to the depredations
and hostilities of the <person_mentioned>Indians</person_mentioned>.   <location_mentioned>Texas</location_mentioned>, does not, at present, produce<barker_pb n="1497"/>
in sufficient quantities for her own consumption, flour, sugar, rice and
many other articles; she has not a sufficient number of <person_mentioned>curriers</person_mentioned>, 
<person_mentioned>shoemakers</person_mentioned>, <person_mentioned>hatmakers</person_mentioned>, <person_mentioned>tailors </person_mentioned>and other <person_mentioned>tradesmen</person_mentioned>; she has no <location_mentioned>cloth
factories</location_mentioned>; and cannot expect to have any for some years to come, for
want of <person_mentioned>hands </person_mentioned>and capital. A communication with the other <location_mentioned>States</location_mentioned>
which might supply her with these articles, cannot be conducted
without an escort of <person_mentioned>troops </person_mentioned>for protection against the <person_mentioned>Indians</person_mentioned>. All
this was certainly well understood by the <person_mentioned>Sovereign General 
Congress</person_mentioned> when they passed the decree referred to, and their object was,
obviously, to admit from <location_mentioned>foreign countries</location_mentioned>, all the articles required
by the <person_mentioned>people of <location_mentioned>Texas </location_mentioned></person_mentioned>until she extricated herself from her 
unfortunate situation. <location_mentioned>Texas </location_mentioned>is now in the condition she was at the time
of the publication of the decree of <date_mentioned n="09-29-1823">September the 29th 1823</date_mentioned>, and all
the motives that urged <person_mentioned>Congress </person_mentioned>to grant the privileges contained in
said decree, still exist to the same extent. Therefore, taking into
consideration the text of the decree, and the evident intention of the
<person_mentioned>Sovereign authority</person_mentioned> that made it, it appears to me that justice and
the welfare of <location_mentioned>Texas</location_mentioned>, alike demand that the decree of <date_mentioned n="05-20-1824">May the 20th
1824</date_mentioned>, which prohibits the introduction of certain articles, should not
be so construed as to abrogate or in any wise impair, diminish, or
change the decree of <date_mentioned n="09-29-1823">September the 29th 1823</date_mentioned>; and, that, by virtue of
said last mentioned decree, any goods not coming from an <location_mentioned><person_mentioned>enemy</person_mentioned>'s
country </location_mentioned>may be lawfully introduced into <location_mentioned>Texas </location_mentioned>by the <person_mentioned>citizens of
any <location_mentioned>nation </location_mentioned></person_mentioned>at peace and in friendly relations with our <location_mentioned>Republic</location_mentioned>;
and be sold to the <person_mentioned>people </person_mentioned>for their own consumption, agreeably to the
letter and spirit of said law of <date_mentioned n="09-29-1823">September the 29th 1823,</date_mentioned> and the 
intention of the <person_mentioned>sovereign Constituent Congress</person_mentioned> which was evidently to
grant to the <person_mentioned>people of <location_mentioned>Texas </location_mentioned></person_mentioned>the liberty of introducing " all goods
of any class whatever, whether home products or <location_mentioned>foreign</location_mentioned>," free of
taxes for the term of seven years from the publication of the decree
at <location_mentioned>Bexar</location_mentioned>. Indeed, if we admit the principle that a subsequent law
may deprive the <person_mentioned>people </person_mentioned>of a portion of that favor we must also
admit that they can be deprived of the whole. The law of <date_mentioned n="05-20-1824">May the
20th 1824</date_mentioned>, on prohibited goods, and other laws published subsequently
to the decree of <date_mentioned n="09-29-1823">September the 29th 1823</date_mentioned>, establish the taxes to be paid
on goods introduced into the <location_mentioned>Mexican Republic</location_mentioned>. Now, why are these
laws not extended to <location_mentioned>Texas</location_mentioned>; and why is it not declared that the
goods introduced into <location_mentioned>Texas </location_mentioned>shall pay the same taxes as in other
<location_mentioned>sections of the country</location_mentioned>? Why is the law establishing the tariff of a
date posterior to that which exempts <location_mentioned>Texas </location_mentioned>from taxes? it occurs
to me that it is as natural to give this construction, as to hold that
goods are prohibited by a general law published subsequently to the
law which grants the particular privilege of introducing them into
<location_mentioned>Texas </location_mentioned>free from taxes "all goods, whether home products, or 
<location_mentioned>foreign</location_mentioned>."   Furthermore the law of <date_mentioned n="05-20-1824">May the 20th 1824</date_mentioned>, makes no mention<barker_pb n="1498"/>
of that of <date_mentioned n="09-29-1823">September the 29th 1823</date_mentioned>, and does not declare that it is
annulled. It must also be observed that the law of <date_mentioned n="09-29-1823">September the
29th 1823</date_mentioned>, is a special law, concerning a <location_mentioned>single province</location_mentioned>, and not a
general law; consequently if the object of <person_mentioned>Congress </person_mentioned>at the time of
passing the law of<date_mentioned n="05-0-1824"> May the 20th 1824</date_mentioned>, had been to annul the prior
law, it would certainly have been expressly stated, and be 
accompanied by a declaration of the reason for its abrogation. Indeed, a
particular and special privilege is as sacred a right as that of 
property, which <person_mentioned>Congress </person_mentioned>would never withdraw without well grounded
motives, nor without stating their reasons for doing so in the 
preamble.</p>

<p>The seizure of the cargo at the<location_mentioned> mouth of La Vaca Bayou</location_mentioned> is a 
matter of great importance. As I understand, a part of this cargo was
intended for the new <person_mentioned>settlers</person_mentioned>, and was necessary for their 
subsistence ; and the other belonged to some <person_mentioned>merchants </person_mentioned>of the <location_mentioned>United States
of the North</location_mentioned>, who came to trade with the <person_mentioned>Mexicans </person_mentioned>in <location_mentioned>Texas</location_mentioned>, in the
belief that the law of <date_mentioned n="11-29-1823">September the 29th 1823</date_mentioned>, was still in force.
That seizure withholds from the <person_mentioned>settlers </person_mentioned>indispensable provisions;
and the <person_mentioned>citizen </person_mentioned>of a friendly and allied <location_mentioned>nation </location_mentioned>is deprived of his
property. He will, undoubtedly, make his complaint to his 
government, which will inevitably result in disagreeable demands on the
part of that government.</p>

<p>The <person_mentioned>people of <location_mentioned>Texas</location_mentioned></person_mentioned>, in their present condition, must possess the
full and unrestricted enjoyment of all the privileges that the 
<person_mentioned>Supreme Government</person_mentioned> has been pleased to grant them. The privilege
of introducing any goods is very necessary; therefore, and 
considering that they hold this right by virtue of the law of <date_mentioned n="09-29-1823">September the
29th 1823</date_mentioned>, and as I am personally interested in the subject as a 
<person_mentioned>resident of <location_mentioned>Texas</location_mentioned></person_mentioned>, and in my capacity of <person_mentioned>Empresario </person_mentioned>of one of the <location_mentioned>new
colonies</location_mentioned>, I have made use of the freedom of a <person_mentioned>citizen </person_mentioned>in the 
expression of my opinion, hoping that your Honorable Body will be pleased
to forward it to the proper authority, in order to remove the doubt
that exists in the interpretation of the decree of <date_mentioned n="09-29-1823">September the 29th
1823</date_mentioned>.</p>

<p>God and Liberty.</p>

<p><location_mentioned>San Felipe de Austin</location_mentioned>, <date_mentioned n="11-07-1826">November 7th 1826.</date_mentioned></p>

             <p><person_mentioned>Stephen F. Austin</person_mentioned>.</p>

</div1>
</body>
</text>
</TEI.2>
