
<TEI.2 id="APB1428">
<project_title>Digital Stephen F. Austin Papers</project_title>
<project_editor>Andrew J. Torget</project_editor>

<document_creation>08-01-1827</document_creation>
<document_citation>Eugene Barker, ed., <hi rend="italic">Annual Report of the American Historical Association for the Year 1919: The Austin Papers</hi>, (Washington, D.C.: Government Printing Office, 1924), 3 vols., Vol 1, Part 2, pp. 1673-1674</document_citation>
<document_language>English</document_language>
<document_status>Private</document_status>
<document_type>Letter</document_type>
<document_author>Francis Biggam</document_author>
<document_sender></document_sender>
<document_recipient>Stephen F. Austin</document_recipient>
<document_title>Francis Biggam to Stephen F. Austin, 08-01-1827</document_title>
<document_location>
	<sent_from>Monroe, Louisiana</sent_from>
	<sent_to>San Felipe de Austin, Texas</sent_to>
</document_location>
<barker_notes>
	<barker_summary>Francis Biggam to Austin, August 1, 1827.    Slavery.   Commerce.</barker_summary>
	<barker_footnotes></barker_footnotes>
	<barker_citation>Eugene Barker, ed., <hi rend="italic">Annual Report of the American Historical Association for the Year 1919: The Austin Papers</hi>, (Washington, D.C.: Government Printing Office, 1924), 3 vols., Vol 1, Part 2, pp. 1673-1674</barker_citation>
</barker_notes>
<document_digital_creation>07-26-2010</document_digital_creation>

<respStmt>
<resp>Project Director and Editor: </resp> 
<name>Andrew J. Torget</name>
<resp>Creation of XML version: </resp>
<name>Debbie Liles</name>
</respStmt>
</titleStmt>

<text id="APB1428T">

<body>
<div1 type="summary">
<p>Francis Biggam to Austin, August 1, 1827.    Slavery.   Commerce.</p>
</div1>

<div1 type="body">

<p><location_mentioned>Monroe </location_mentioned><date_mentioned n="08-01-1827">Aug 1�1827</date_mentioned></p>
<p>Dr friend</p>

<p>My long Cilence I am afraid will lead you to Congecture that I
am numbered amongest the Dead I am still alive but has suferd
agreat Deal of sickness from the fitages I have underwent 
acornpained with a great Deal of Disapointmints I recd your letter
which aforded me agreat Deal of Satisfaction to find that it was
your opinion that slavery would bee alowed and I amatently 
[immediately] prepered to move and was on the eave of it when by
my exarsion to gett readey I was relapsed and if it was not for
the best of Care and medical skill I was gone to the world of spirits
it was long ere I was so recovered as to bee able to proceed when a
unspected event tooke place in the Death of <person_mentioned>Merritt my son inlaw</person_mentioned>
as hee had given him self up to Drinke some time before which
Carried him of and has left his estate much involved and am afraied
will souse (?) mee out of two thousand Dollars which I have 
Judgement for and will be obliged to wait till <location_mentioned>Court </location_mentioned>which will take
place in <date_mentioned n="10-xx-127">October </date_mentioned>for when hee found his Disolution aproaching hee
not onley sined over all hee was possesed of but also give his <person_mentioned>broather</person_mentioned>
of <location_mentioned>orlains </location_mentioned>a note for four thousand Dollars so as to Cover his 
property and keep me out of my lawfull right and <person_mentioned>Hide & Merritt</person_mentioned> of
<location_mentioned>Orlains </location_mentioned>is since broke and how it will bee Desided I am at a loss
to tell to <location_mentioned>Court </location_mentioned>as boath Judgements was obtained in one Day but
mine was first but at that time I shall move the principal part of
my property at all events and shall proceed as fast as possible<person_mentioned> Mrs
Biggam </person_mentioned>I am afraid Avill not acompaney mee as shee Constantley
hear such unpleasant teal of the <location_mentioned>Countrey </location_mentioned>and people and <person_mentioned>Indians</person_mentioned>
I have given you the out lines of what I have sufered and the 
impediments that has laid in my way after visiting the <location_mentioned>Countrey </location_mentioned>so
often and spending so much money in so Doing and being of such<barker_pb n="1674"/>
use to the <person_mentioned>inhabitants </person_mentioned>as all I ever tooke there is there still my 
reasons for menshing this is that I was informed but I shall never
Creditt unless from your own mouth that if I was not on the <location_mentioned>brasses</location_mentioned>
by <date_mentioned n="09-xx-1827">September </date_mentioned>that you would give my land to a nother I have
stated my reasons which I can prove to bee true my <person_mentioned>broather</person_mentioned>
acompiney mee out and although I was not there I have been 
working or having it Don as I have gott three Hundred pair of the
best broagans shoes you ever saw which I intend to Carrey out when
I move and if it bee your Desire will to take away my land after all
I have Don and sufered for the <location_mentioned>Countrey </location_mentioned>I shall bow Down with 
reference and shall place it among one of my visitucles of [fate?] but
untill that happens I shall ever name you among my warmest friends
and well wishers and the a[n]corage I shall Cast my last hope
on I have Directed this to you on the <location_mentioned>brasses </location_mentioned>under Cover to the
<person_mentioned>poast master</person_mentioned> aftere the post paid of <location_mentioned>Nackendosh </location_mentioned>with a request to
forward it as son as posible I Can ad no more tifll] I see you and
under those Considerations I shall subscribe My self your friend
& <person_mentioned>H St</person_mentioned></p>

<p><person_mentioned>Fras Biggam<</person_mentioned>/p>

<p>[Addressed:] <person_mentioned>Coln Stephen F Austin</person_mentioned> <location_mentioned>St phillips D Austin </location_mentioned><location_mentioned>brasses river</location_mentioned> <location_mentioned>province of taxes</location_mentioned> pr mail postage paid</p>


</div1>
</body>
</text>
</TEI.2>
