
<TEI.2 id="APB1449">
<project_title>Digital Stephen F. Austin Papers</project_title>
<project_editor>Andrew J. Torget</project_editor>

<document_creation>10-19-1827</document_creation>
<document_citation>Eugene Barker, ed., <hi rend="italic">Annual Report of the American Historical Association for the Year 1919: The Austin Papers</hi>, (Washington, D.C.: Government Printing Office, 1924), 3 vols., Vol 1, Part 2, pp. 1700</document_citation>
<document_language>English</document_language>
<document_status>Private</document_status>
<document_type>letter</document_type>
<document_author>William Pettis</document_author>
<document_sender></document_sender>
<document_recipient>Horatio Chriesman</document_recipient>
<document_title>William Pettis to Horatio Chriesman, 10-19-1827</document_title>
<document_location>
	<sent_from>San Felipe de Austin, Texas</sent_from>
	<sent_to>Unknown</sent_to>
</document_location>
<barker_notes>
	<barker_summary>William Pettus to Horatio Chriesman, October 19, 1827.   Concerning surveys.</barker_summary>
	<barker_footnotes></barker_footnotes>
	<barker_citation>Eugene Barker, ed., <hi rend="italic">Annual Report of the American Historical Association for the Year 1919: The Austin Papers</hi>, (Washington, D.C.: Government Printing Office, 1924), 3 vols., Vol 1, Part 2, pp. 1700</barker_citation>
</barker_notes>
<document_digital_creation>07-26-2010</document_digital_creation>

<respStmt>
<resp>Project Director and Editor: </resp> 
<name>Andrew J. Torget</name>
<resp>Creation of XML version: </resp>
<name>Debbie Liles</name>
</respStmt>
</titleStmt>

<text id="APB1449T">

<body>
<div1 type="summary">
<p>William Pettus to Horatio Chriesman, October 19, 1827.   Concerning surveys.</p>
</div1>

<div1 type="body">

<p><location_mentioned>San Felipe de Austin</location_mentioned><date_mentioned n="10-19-1827"> 19th of Oct 1827</date_mentioned></p>
<p>Dear Sir owing to my Disappoint in some buisiness of 
importance that I did not fore see at the time I promised It is impossible
for me to Come Down at this time but have sent you as correct a
statement as I can of the buisiness between myself and the <person_mentioned>Ladies</person_mentioned>
which I wish you to explain to them and also Leave the accounts
with them if they are not right I will alwas rectify them I am
truly sorry to put you and them to so much trouble but I am always
ready to serve a <person_mentioned>friend </person_mentioned>and take many Liberty to use them you.
will see by the papers they have how the <location_mentioned>Land </location_mentioned>shall be Laid off but
for fear they shall not be explicit enough I will here make a 
statement to you their <location_mentioned>Land </location_mentioned>is to be Laid off <location_mentioned>in the timber</location_mentioned> except the
<location_mentioned>Prairie </location_mentioned>is good and <location_mentioned>Little nukes [nooks?]</location_mentioned> are not to be stood on on
either side the <location_mentioned>pararie </location_mentioned>is not to be calculated where it is of now
value I will Leave this to your judgement as respects that I do not
wish to be particular with <person_mentioned>women </person_mentioned>and if they say my account is a
fiew Dollars out of the way I will make it right at any time to their
satisfaction you will pleas call and survey the <location_mentioned>Land </location_mentioned>at any rates
<person_mentioned>Daniel shipman</person_mentioned> and <person_mentioned>brother </person_mentioned>will assist you or he will pay any
one who will assist if he is out, of the way I will to their satisfaction,
you will see that <person_mentioned>Mrs Kirkingdol</person_mentioned> is to begin <location_mentioned>on the Lower Line of
the League</location_mentioned> I wish you to run up the league <location_mentioned>far enough to make the
Line a strait one so that they shall corner together on the line next
to the river</location_mentioned> with these Directions I will Leave you to do what you
think right when you Look at the ritings they hold the <person_mentioned>Ladys</person_mentioned>
will assist in any way that may be in their Power say to them so
soon as <person_mentioned>Samuel Williams </person_mentioned>or <person_mentioned>Colo Austin</person_mentioned> comes <location_mentioned>Home </location_mentioned>they may get
thir titles when ever they send for them I will be down in that
<location_mentioned>quarter </location_mentioned>in a fiew Days and call and see them your attention to
these fiew Lines will verry much oblige your old <person_mentioned>friend </person_mentioned>& well
wisher consider me at all expence I am yours with every 
sentiment of respect�</p>

<p><person_mentioned>Wm Pettus</person_mentioned></p>

<p>N". B   you will see by the Acts that <person_mentioned>Mrs. Kirkingdol</person_mentioned> are to have
<location_mentioned>248 Acres</location_mentioned> & <person_mentioned>Mrs. Shiggins</person_mentioned> <location_mentioned>521</location_mentioned>   <location_mentioned> the hole Amount 769</location_mentioned>.</p>

<p><person_mentioned>W. P.</person_mentioned></p>
<p>[Addressed:] <person_mentioned>Capt Horatio Crisman</person_mentioned> & <person_mentioned>Mr Alcorn</person_mentioned></p>

</div1>
</body>
</text>
</TEI.2>
