
<TEI.2 id="APB1315">
<project_title>Digital Stephen F. Austin Papers</project_title>
<project_editor>Andrew J. Torget</project_editor>

<document_creation>11-01-1826</document_creation>
<document_citation>Eugene Barker, ed., <hi rend="italic">Annual Report of the American Historical Association for the Year 1919: The Austin Papers</hi>, (Washington, D.C.: Government Printing Office, 1924), 3 vols., Vol 1, Part 2, pp. 1486</document_citation>
<document_language>English</document_language>
<document_status>Private</document_status>
<document_type>Letter</document_type>
<document_author>Alexander Hodge</document_author>
<document_sender></document_sender>
<document_recipient>Stephen F. Austin</document_recipient>
<document_title>Alexander Hodge to Stephen F. Austin, 11-01-1826</document_title>
<document_location>
	<sent_from>District of Victoria, Texas</sent_from>
	<sent_to>Unknown</sent_to>
</document_location>
<barker_notes>
	<barker_summary>Alexander Hodge to Austin, November 1, 1826.    Application for land.</barker_summary>
	<barker_footnotes></barker_footnotes>
	<barker_citation>Eugene Barker, ed., <hi rend="italic">Annual Report of the American Historical Association for the Year 1919: The Austin Papers</hi>, (Washington, D.C.: Government Printing Office, 1924), 3 vols., Vol 1, Part 2, pp. 1486</barker_citation>
</barker_notes>
<document_digital_creation>07-15-2010</document_digital_creation>

<respStmt>
<resp>Project Director and Editor: </resp> 
<name>Andrew J. Torget</name>
<resp>Creation of XML version: </resp>
<name>Debbie Liles</name>
</respStmt>
</titleStmt>

<text id="APB1315T">

<body>
<div1 type="summary">
<p>Alexander Hodge to Austin, November 1, 1826.    Application for land.</p>
</div1>

<div1 type="body">

<p><location_mentioned>District of Victoria</location_mentioned> <date_mentioned n="11-01-1826">1st of Nov. 1826</date_mentioned>.</p>
<p>Dr sir.</p>

<p>I arrived in this <location_mentioned>Colony </location_mentioned><date_mentioned n="12-xx-1825">last December</date_mentioned> and have failed to make
application for <location_mentioned>Land </location_mentioned>yet expecting to have met with you in this
<location_mentioned>section </location_mentioned>before now I have my <person_mentioned>family </person_mentioned>all with me and have to
settle for life I wish to procure <location_mentioned>Land in the lower section of 
Country </location_mentioned>I have four <person_mentioned>sons </person_mentioned>Two married and two single all of age who
also wishes to procure <location_mentioned>Land </location_mentioned>Be so good as to write me where it is
probable I shall get <location_mentioned>Land </location_mentioned>and how and when etc</p>

<p><person_mentioned>ALEXANDER HODGE</person_mentioned></p>
<p>N B you will please enter my name on your list as applying for
<location_mentioned>Land </location_mentioned><date_mentioned n="12-xx-1826">last December</date_mentioned></p>

                                   <p> <person_mentioned>A.H.</person_mentioned></p>

</div1>
</body>
</text>
</TEI.2>
