
<TEI.2 id="APB1190">
<project_title>Digital Stephen F. Austin Papers</project_title>
<project_editor>Andrew J. Torget</project_editor>

<document_creation>07-06-1826</document_creation>
<document_citation>Eugene Barker, ed., <hi rend="italic">Annual Report of the American Historical Association for the Year 1919: The Austin Papers</hi>, (Washington, D.C.: Government Printing Office, 1924), 3 vols., Vol 1, Part 2, pp. 1369</document_citation>
<document_language>English</document_language>
<document_status>Private</document_status>
<document_type>Price List</document_type>
<document_author>A. Carnahan</document_author>
<document_sender></document_sender>
<document_recipient>Stephen F Austin</document_recipient>
<document_title>A. Carnahan to Unknown, 07-06-1826</document_title>
<document_location>
	<sent_from>Unknown</sent_from>
	<sent_to>Unknown</sent_to>
</document_location>
<barker_notes>
	<barker_summary>A. Carnahan to Austin, July 6, 1826.   Account and price list.</barker_summary>
	<barker_footnotes></barker_footnotes>
	<barker_citation>Eugene Barker, ed., <hi rend="italic">Annual Report of the American Historical Association for the Year 1919: The Austin Papers</hi>, (Washington, D.C.: Government Printing Office, 1924), 3 vols., Vol 1, Part 2, pp. 1369</barker_citation>
</barker_notes>
<document_digital_creation>06-22-2010</document_digital_creation>

<respStmt>
<resp>Project Director and Editor: </resp> 
<name>Andrew J. Torget</name>
<resp>Creation of XML version: </resp>
<name>Debbie Liles</name>
</respStmt>
</titleStmt>

<text id="APB1190T">

<body>
<div1 type="summary">
<p>A. Carnahan to Austin, July 6, 1826.   Account and price list.</p>
</div1>

<div1 type="body">


<p><date_mentioned n="07-06-1826">July 6th 1826</date_mentioned></p>
<p><person_mentioned>Colonel Austin</person_mentioned> to <person_mentioned>A. Carnahan Dr.</person_mentioned></p>
<p>to 2 thimbles for shot gun at 50-----------------------------------------------------$1. 00</p>
<p>to wiper claw for rifle-------------------------------------------------------------------     .50</p>
<p>to Bushing double barrel gun---------------------------------------------------------   1. 50</p>
<p>to mending britch-------------------------------------------------------------------------     . 50</p>
<p>to pointing dogs----------------------------------------------------------------------------     . 75</p>
<p>$4.25</p>
<p>Received payment in full</p>

______                       <p>  <person_mentioned>A. Carnahan</</person_mentioned>p>
</div1>
</body>
</text>
</TEI.2>
