
<TEI.2 id="APB1246">
<project_title>Digital Stephen F. Austin Papers</project_title>
<project_editor>Andrew J. Torget</project_editor>

<document_creation>08-14-1826</document_creation>
<document_citation>Eugene Barker, ed., <hi rend="italic">Annual Report of the American Historical Association for the Year 1919: The Austin Papers</hi>, (Washington, D.C.: Government Printing Office, 1924), 3 vols., Vol 1, Part 2, pp. 1423-1424</document_citation>
<document_language>English</document_language>
<document_status>Private</document_status>
<document_type>Letter</document_type>
<document_author>Stephen F. Austin</document_author>
<document_sender></document_sender>
<document_recipient>Jose Antonio Saucedo</document_recipient>
<document_title>Stephen F. Austin to Jose Antonio Saucedo, 08-14-1826</document_title>
<document_location>
	<sent_from>San Felipe de Austin, Texas</sent_from>
	<sent_to>Unknown</sent_to>
</document_location>
<barker_notes>
	<barker_summary>Austin to Saucedo, August 14, 1826. Informing him of the calling of meeting of representatives to concert plans of defense and offense against Indians.</barker_summary>
	<barker_footnotes>Translations from Bexar Archives, in Nacogdoches Archives, Texas State Library.</barker_footnotes>
	<barker_citation>Eugene Barker, ed., <hi rend="italic">Annual Report of the American Historical Association for the Year 1919: The Austin Papers</hi>, (Washington, D.C.: Government Printing Office, 1924), 3 vols., Vol 1, Part 2, pp. 1423-1424</barker_citation>
</barker_notes>
<document_digital_creation>07-05-2010</document_digital_creation>

<respStmt>
<resp>Project Director and Editor: </resp> 
<name>Andrew J. Torget</name>
<resp>Creation of XML version: </resp>
<name>Debbie Liles</name>
</respStmt>
</titleStmt>

<text id="APB1246T">

<body>
<div1 type="summary">
<p>Austin to Saucedo, August 14, 1826. Informing him of the calling of meeting of representatives to concert plans of defense and offense against Indians.</p>
</div1>

<div1 type="body">

<p>Under existing circumstances in reference to the hostile <person_mentioned>Indians</person_mentioned>,
I have deemed it necessary to call a <person_mentioned>board</person_mentioned>, composed of two <person_mentioned>persons
elected</person_mentioned> by each of the <person_mentioned>six sections of this jurisdiction</person_mentioned>, for the purpose
of deciding upon a system of defence, and contriving plans to raise
a fund for the assistance of the most exposed <person_mentioned>families</person_mentioned>, and to keep
a body of <person_mentioned>spies </person_mentioned>on the <location_mentioned>frontier</location_mentioned>.</p><barker_pb n="1424"/>

<p>This board will assemble on the <date_mentioned n="08-21-1826">21st Instant</date_mentioned>, and I shall inform
your <person_mentioned>Lordship </person_mentioned>of the result of their deliberations, prior to carrying
any of the adopted measures into execution</p>.

<p>I consider that good feeling and perfect union among the <person_mentioned>Colonists</person_mentioned>,
are of paramount importance in time of war; and, that the idea of
consulting them was the best mode of attaining the desired object,
in the measures to be adopted for the common defence</p>.

<p><person_mentioned>Stephen F. Austin</person_mentioned>.</p>

<p><location_mentioned>San Felipe de Austin</location_mentioned>, <date_mentioned n="08-14-1826">August 14th 1826</date_mentioned>.</p>


</div1>
</body>
</text>
</TEI.2>
