
<TEI.2 id="APB1164">
<project_title>Digital Stephen F. Austin Papers</project_title>
<project_editor>Andrew J. Torget</project_editor>

<document_creation>05-22-1826</document_creation>
<document_citation>Eugene Barker, ed., <hi rend="italic">Annual Report of the American Historical Association for the Year 1919: The Austin Papers</hi>, (Washington, D.C.: Government Printing Office, 1924), 3 vols., Vol 1, Part 2, pp. 1346-1347</document_citation>
<document_language>English</document_language>
<document_status>Private</document_status>
<document_type>Letter</document_type>
<document_author>J. Blair</document_author>
<document_sender></document_sender>
<document_recipient>Stephen F. Austin</document_recipient>
<document_title>J. Blair to Stephen F. Austin, 05-22-1826</document_title>
<document_location>
	<sent_from>Unknown</sent_from>
	<sent_to>Unknown</sent_to>
</document_location>
<barker_notes>
	<barker_summary>J. Blair to Austin, May 22, 1826. Asking Austin to transmit certain documents to the general government.</barker_summary>
	<barker_footnotes></barker_footnotes>
	<barker_citation>Eugene Barker, ed., <hi rend="italic">Annual Report of the American Historical Association for the Year 1919: The Austin Papers</hi>, (Washington, D.C.: Government Printing Office, 1924), 3 vols., Vol 1, Part 2, pp. 1346-1347</barker_citation>
</barker_notes>
<document_digital_creation>06-20-2010</document_digital_creation>

<respStmt>
<resp>Project Director and Editor: </resp> 
<name>Andrew J. Torget</name>
<resp>Creation of XML version: </resp>
<name>Debbie Liles</name>
</respStmt>
</titleStmt>

<text id="APB1164T">

<body>
<div1 type="summary">
<p>J. Blair to Austin, May 22, 1826. Asking Austin to transmit certain documents to the general government.</p>
</div1>

<div1 type="body">

<p><person_mentioned>Colonel Austin</person_mentioned>, Will pleas after he shall have Examined the within
enclosed documents to envelope them in a New cover and forward
them on to the Seate of Government through the propper channel!
I would prefer their being transfered from one <person_mentioned>Governor </person_mentioned>to another
till they arrive at the<location_mentioned> Seate of Government</location_mentioned> <person_mentioned>Colonel Austin</person_mentioned> will
oblige me if he will give me every information as to the design of
the government in their military operations as relates to the building
of garrisons in the <location_mentioned>province of Texas</location_mentioned>   I would wish to Emigrate<barker_pb n="1347"/>
to that <location_mentioned>province </location_mentioned>if I could place myself in a Cituation that would
support me comfortabl, my object in this request is that if the
Government was a building I should wish to bring on a Steam 
Engine and apply it to the Cutting of Lumber for the publick Besides
this I want to know what Encouragement you will giv me if I
emigrate to <location_mentioned>Texas </location_mentioned>I must have some thing that looks enticing or
I must embrace other proposals tho not so congenial with my 
feelings are more to my interest</p>
<p><person_mentioned>J. Blair</person_mentioned></p>
<p><date_mentioned n="05-22-1826">May 22d 1826</date_mentioned> </p> 

</div1>
</body>
</text>
</TEI.2>
