
<TEI.2 id="APB1363">
<project_title>Digital Stephen F. Austin Papers</project_title>
<project_editor>Andrew J. Torget</project_editor>

<document_creation>04-12-1827</document_creation>
<document_citation>Eugene Barker, ed., <hi rend="italic">Annual Report of the American Historical Association for the Year 1919: The Austin Papers</hi>, (Washington, D.C.: Government Printing Office, 1924), 3 vols., Vol 1, Part 2, pp. 1629-1630</document_citation>
<document_language>English</document_language>
<document_status>Public</document_status>
<document_type>Election Notice</document_type>
<document_author>Stephen F. Austin</document_author>
<document_sender></document_sender>
<document_recipient>General Public</document_recipient>
<document_title>Stephen F. Austin to General Public, 04-12-1827</document_title>
<document_location>
	<sent_from>San Felipe de Austin, Texas</sent_from>
	<sent_to></sent_to>
</document_location>
<barker_notes>
	<barker_summary>Austin to colonists, April 12, 1827.    Election notice.</barker_summary>
	<barker_footnotes></barker_footnotes>
	<barker_citation>Eugene Barker, ed., <hi rend="italic">Annual Report of the American Historical Association for the Year 1919: The Austin Papers</hi>, (Washington, D.C.: Government Printing Office, 1924), 3 vols., Vol 1, Part 2, pp. 1629-1630</barker_citation>
</barker_notes>
<document_digital_creation>07-21-2010</document_digital_creation>

<respStmt>
<resp>Project Director and Editor: </resp> 
<name>Andrew J. Torget</name>
<resp>Creation of XML version: </resp>
<name>Debbie Liles</name>
</respStmt>
</titleStmt>

<text id="APB1363T">

<body>
<div1 type="summary">
<p>Austin to colonists, April 12, 1827.    Election notice.</p>
</div1>

<div1 type="body">

<p>notice</p>

<p>An Election will be held by the <person_mentioned>Inhabitants of this <location_mentioned>Colony </location_mentioned></person_mentioned>in the
Town of <location_mentioned>San felepe de Austin</location_mentioned> on <date_mentioned n="04-22-1827">Sunday the 22d of this month</date_mentioned> for<barker_pb n="1630"/>
the purpose of choosing <person_mentioned>electors </person_mentioned>to meet in <location_mentioned>San Antonio</location_mentioned> on the <date_mentioned n="05+13-1827">13 day
of May next</date_mentioned> in order to elect two <person_mentioned>representatives </person_mentioned>for the State 
Legislature</p>

<p><location_mentioned>San felepe de Austin</location_mentioned> <date_mentioned n="04-12-1827">12 April 1827</date_mentioned></p>

<p><person_mentioned>S. F. Austin </person_mentioned>   [Rubric]</p>

</div1>
</body>
</text>
</TEI.2>
