
<TEI.2 id="APB1035">
<project_title>Digital Stephen F. Austin Papers</project_title>
<project_editor>Andrew J. Torget</project_editor>

<document_creation>02-04-1825</document_creation>
<document_citation>Eugene Barker, ed., <hi rend="italic">Annual Report of the American Historical Association for the Year 1919: The Austin Papers</hi>, (Washington, D.C.: Government Printing Office, 1924), 3 vols., Vol 1, Part 2, pp. 1034-1035</document_citation>
<document_language>English</document_language>
<document_status>Private</document_status>
<document_type>Letter</document_type>
<document_author>Stephen F. Austin</document_author>
<document_sender></document_sender>
<document_recipient>Rafael Gonzalez, Governor of Coahuila and Texas(</document_recipient>
<document_title>Stephen F. Austin to Governor of Coahuila and Texas, 02-04-1825</document_title>
<document_location>
	<sent_from>San Felipe de Austin, Texas</sent_from>
	<sent_to>Unknown</sent_to>
</document_location>
<barker_notes>
	<barker_summary>Austin to governor of Coahuila and Texas, February 4, 1825. Has filled contract for 300 families. Many others entering Texas, but, as he has no authority to grant them land in his colony, they settle on the Trinity and the
Neches. No municipal organization there, and this enables a few criminals and
turbulent characters to cause great trouble. Suggests organization of local
government there as the settlers request, and asks for permit to settle 300
additional families in his colony.    Sends map of Galveston Bay.</barker_summary>
	<barker_footnotes> From Translations of Records of Empresario Contracts, 44-45, General Land Office</barker_footnotes>
	<barker_citation>Eugene Barker, ed., <hi rend="italic">Annual Report of the American Historical Association for the Year 1919: The Austin Papers</hi>, (Washington, D.C.: Government Printing Office, 1924), 3 vols., Vol 1, Part 2, pp. 1034-1035</barker_citation>
</barker_notes>
<document_digital_creation>05-28-2010</document_digital_creation>

<respStmt>
<resp>Project Director and Editor: </resp> 
<name>Andrew J. Torget</name>
<resp>Creation of XML version: </resp>
<name>Debbie Liles</name>
</respStmt>
</titleStmt>

<text id="APB1035T">

<body>
<div1 type="summary">
<p>Austin to governor of Coahuila and Texas, February 4, 1825. Has filled contract for 300 families. Many others entering Texas, but, as he has no
authority to grant them land in his colony, they settle on the Trinity and the
Neches. No municipal organization there, and this enables a few criminals and
turbulent characters to cause great trouble. Suggests organization of local
government there as the settlers request, and asks for permit to settle 300
additional families in his colony.    Sends map of Galveston Bay.</p>
</div1>

<div1 type="body">
<p>
Most Excellent Sir :
</p>
<p>As soon as I became advised of the organization of our Honorable
Congress, and the creation of the respectable <person_mentioned>authorities </person_mentioned>of the
<location_mentioned>State</location_mentioned>, I had the honor to address your <person_mentioned>Eccellency </person_mentioned>officially, presenting
the respects of myself and the new <person_mentioned>colonists</person_mentioned>, in manifesting
our obedience to the law, and whatever may tend to the general
weal; representing to your <person_mentioned>Excellency </person_mentioned>at the same time, the actual
state of these <location_mentioned>colonies</location_mentioned>, and requesting such orders might be 
communicated to me, as deemed necessary, in order to enable me to
put them into immediate execution. The liberal protection which
our <person_mentioned>government </person_mentioned>extends to <person_mentioned>foreigners</person_mentioned>, who are desirous to 
establish themselves under our Federal Government; and the fertility
of this soil are Such, that new and respectable <person_mentioned>families</person_mentioned> are 
continually arriving here, to enjoy the privileges granted to <person_mentioned>settlers</person_mentioned>;
but as the number of <person_mentioned>three hundred</person_mentioned>, which I engage to Settle, is
already completed, I cannot permit them to locate without the 
permission of your <person_mentioned>Excellency</person_mentioned>, nor can I distribute <location_mentioned>lands </location_mentioned>to them,
in consequence of which the greater part of them have remained
on the <location_mentioned>Rivers Trinity</location_mentioned> and <location_mentioned>Neches</location_mentioned>, <location_mentioned>beyond the limits of my
boundaries</location_mentioned>. These <person_mentioned>families </person_mentioned>being <person_mentioned>farmers</person_mentioned>, and of most industrious 
habits, have no leisure to encourage vice, but dedicate their
whole time to the maintenance of themselves, the accumulation
of wealth, and the observance of the laws; but they are without
any municipal regulations, and consequently suffer considerable
inconvenience from the perverseness of turbulent <person_mentioned>persons</person_mentioned>, who 
emigrate from the <location_mentioned>neighboring nation</location_mentioned>; and also from our own; and
who, although few in number remain there and occupy lands 
because there is no <person_mentioned>local authority</person_mentioned> to punish or restrain their 
iniquities; the evil effects of such a <location_mentioned>community</location_mentioned>, has some influence,
even in this <location_mentioned>colony</location_mentioned>.</p><barker_pb n="1035"/>

<p>The deep interest I take in the prosperity of the <location_mentioned>State</location_mentioned>, seeing that
the <person_mentioned>families </person_mentioned>above-mentioned are wealthy and possess adequate
means; that lands have not been apportioned to them; that they
will be under the necessity (unless promptly attended to) of returning 
to <location_mentioned>Louisiana</location_mentioned>; in which event, we shall lose these valuable and
useful members of society. All this, I say, compels me to submit to
the high consideration of your <person_mentioned>Excellency</person_mentioned>, the situation of the <person_mentioned>inhabitants </person_mentioned>
of the <location_mentioned>Trinity</location_mentioned> and <location_mentioned>Neches</location_mentioned>; and to inform your <person_mentioned>Excellency</person_mentioned>
of the continual applications they are making to be organized.
Your <person_mentioned>Excellency </person_mentioned>will, notwithstanding, determine in the matter,
that which may be most suitable. Your <person_mentioned>Excellency </person_mentioned>is well aware
that the Savage <person_mentioned>Indians</person_mentioned> infesting <location_mentioned>Texas</location_mentioned> are numerous; that they
will use every exertion to prevent themselves from being streightened,
or brought under subjection to the laws, by the <person_mentioned>settlers</person_mentioned>, and doubtless, we shall feel the effects of this disposition on their part; and as
the number of <person_mentioned>families </person_mentioned>is only three hundred, we are scarcely able
to defend <person_mentioned>ourselves </person_mentioned>against them, without attempting offensive 
operations of warfare; but if your <person_mentioned>Excellency </person_mentioned>will grant me permission 
to settle three hundred <person_mentioned>families </person_mentioned>more in the same manner as
those already settled I will locate them on the <location_mentioned>upper Brazo</location_mentioned>s and
<location_mentioned>Colorado</location_mentioned>, on the <location_mentioned>San Antonio Road</location_mentioned>; thereby augmenting our physical force, 
and by being in communication with the <person_mentioned>colonists</person_mentioned> already
bettled, will at the same time prevent the incursions of the <person_mentioned>Tehuacanos</person_mentioned>,
and the great depredations which they commit on those <location_mentioned>roads</location_mentioned>, and
even at <location_mentioned>San Antonio</location_mentioned>. Should your <person_mentioned>Excellency </person_mentioned>be pleased to accede to
the establishment of this <location_mentioned>new settlement</location_mentioned>, I guarantee, that, it shall
be effected forthwith; and the evils which we are now suffering, will
be remedied; I reiterate to your <person_mentioned>Excellency</person_mentioned>, that, the only motive
which animates me, is the desire to contribute as a true Citizen, to
the happiness and prosperity of the <location_mentioned>Mexican nation</location_mentioned> to which I
have the glory to belong.</p>

<p>I have the honor to transmit to your Excellency, a small map of
the <location_mentioned>Island</location_mentioned> and <location_mentioned>Bay of Galveston</location_mentioned>, a highly interesting <location_mentioned>Sea-Port</location_mentioned> and
the best in the <location_mentioned>State</location_mentioned>, as is evident to your <person_mentioned>Excellency</person_mentioned>. The map is
not as perfect as I could wish, for the want of proper instruments,
but I shall very shortly be able to send you another more correct,
and on a larger scale; for the present, I only beg of you to condescend
to receive this as an indication of my best wishes.</p>

<p>God and Liberty,</p>

<p><location_mentioned>San Felipe de Austin</location_mentioned>, <date_mentioned n="02-04-1825">4th February 1825</date_mentioned>.</p>

<p>Most Excellent Sir,</p>

<p><person_mentioned>Stephen F. Austin</person_mentioned>.</p>

<p>To <person_mentioned>His Excellency the Governor</person_mentioned>, of the <location_mentioned>State of Coahuila and
Texas</location_mentioned>.</p>


</div1>
</body>
</text>
</TEI.2>
