
<TEI.2 id="APB1176">
<project_title>Digital Stephen F. Austin Papers</project_title>
<project_editor>Andrew J. Torget</project_editor>

<document_creation>06-14-1826</document_creation>
<document_citation>Eugene Barker, ed., <hi rend="italic">Annual Report of the American Historical Association for the Year 1919: The Austin Papers</hi>, (Washington, D.C.: Government Printing Office, 1924), 3 vols., Vol 1, Part 2, pp. 1357</document_citation>
<document_language>Spanish</document_language>
<document_status>Public</document_status>
<document_type>Militia Report</document_type>
<document_author>Stephen F. Austin</document_author>
<document_sender></document_sender>
<document_recipient>Unknown</document_recipient>
<document_title>Stephen F. Austin to Unknown, 06-14-1826</document_title>
<document_location>
	<sent_from>Unknown</sent_from>
	<sent_to>Unknown</sent_to>
</document_location>
<barker_notes>
	<barker_summary>Militia report for Austin's colony, June 14, 1826.</barker_summary>
	<barker_footnotes>Wagner Collection, Yale University</barker_footnotes>
	<barker_citation>Eugene Barker, ed., <hi rend="italic">Annual Report of the American Historical Association for the Year 1919: The Austin Papers</hi>, (Washington, D.C.: Government Printing Office, 1924), 3 vols., Vol 1, Part 2, pp. 1357</barker_citation>
</barker_notes>
<document_digital_creation>06-21-2010</document_digital_creation>

<respStmt>
<resp>Project Director and Editor: </resp> 
<name>Andrew J. Torget</name>
<resp>Creation of XML version: </resp>
<name>Debbie Liles</name>
</respStmt>
</titleStmt>

<text id="APB1176T">

<body>
<div1 type="summary">
<p>Militia report for Austin's colony, June 14, 1826.</p>
</div1>

<div1 type="body">

[DID NOT SCAN]

</div1>
</body>
</text>
</TEI.2>
