
<TEI.2 id="APB1752">
<project_title>Digital Stephen F. Austin Papers</project_title>
<project_editor>Andrew J. Torget</project_editor>

<document_creation>08-17-1829</document_creation>
<document_citation>Eugene Barker, ed., <hi rend="italic">Annual Report of the American Historical Association for the Year 1922: The Austin Papers</hi>, (Washington, D.C.: Government Printing Office, 1928), 3 vols., Vol 2, pp. 246</document_citation>
<document_language>Unknown</document_language>
<document_status>Private</document_status>
<document_type>Letter</document_type>
<document_author>Austin</document_author>
<document_sender></document_sender>
<document_recipient>John H. Cummins</document_recipient>
<document_title>Austin to John H. Cummins, 08-17-1829</document_title>
<document_location>
	<sent_from>Unknown</sent_from>
	<sent_to>Unknown</sent_to>
</document_location>
<barker_notes>
	<barker_summary>Austin and John H. Cummins, August 17, 1829. Agreement concerning a silver mine.    (Omitted.)</barker_summary>
	<barker_footnotes></barker_footnotes>
	<barker_citation>Eugene Barker, ed., <hi rend="italic">Annual Report of the American Historical Association for the Year 1919: The Austin Papers</hi>, (Washington, D.C.: Government Printing Office, 1924), 3 vols., Vol 1, Part 2, pp. 246</barker_citation>
</barker_notes>
<document_digital_creation>08-12-2010</document_digital_creation>

<respStmt>
<resp>Project Director and Editor: </resp> 
<name>Andrew J. Torget</name>
<resp>Creation of XML version: </resp>
<name>Debbie Liles</name>
</respStmt>
</titleStmt>

<text id="APB1752T">

<body>
<div1 type="summary">
<p>Austin and John H. Cummins, August 17, 1829. Agreement concerning a silver mine.    (Omitted.)</p>
</div1>

<div1 type="body">

<p><date_mentioned n="08-17-1829">August 17, 1829.</</date_mentioned>p>
<p>See Calendar.</p>


</div1>
</body>
</text>
</TEI.2>
