
<TEI.2 id="APB1318">
<project_title>Digital Stephen F. Austin Papers</project_title>
<project_editor>Andrew J. Torget</project_editor>

<document_creation>11-05-1826</document_creation>
<document_citation>Eugene Barker, ed., <hi rend="italic">Annual Report of the American Historical Association for the Year 1919: The Austin Papers</hi>, (Washington, D.C.: Government Printing Office, 1924), 3 vols., Vol 1, Part 2, pp. 1489</document_citation>
<document_language>English</document_language>
<document_status>Private</document_status>
<document_type>Letter</document_type>
<document_author>WIlliam Carroll</document_author>
<document_sender>Colo. Foster</document_sender>
<document_recipient>Stephen F. Austin</document_recipient>
<document_title>WIlliam Carroll to Stephen F. Austin, 11-05-1826</document_title>
<document_location>
	<sent_from>Nashville, Tennessee</sent_from>
	<sent_to>Texas</sent_to>
</document_location>
<barker_notes>
	<barker_summary>William Carroll to Austin, November 5, 1826.   Introducing B. F. Foster.</barker_summary>
	<barker_footnotes></barker_footnotes>
	<barker_citation>Eugene Barker, ed., <hi rend="italic">Annual Report of the American Historical Association for the Year 1919: The Austin Papers</hi>, (Washington, D.C.: Government Printing Office, 1924), 3 vols., Vol 1, Part 2, pp. 1489</barker_citation>
</barker_notes>
<document_digital_creation>07-16-2010</document_digital_creation>

<respStmt>
<resp>Project Director and Editor: </resp> 
<name>Andrew J. Torget</name>
<resp>Creation of XML version: </resp>
<name>Debbie Liles</name>
</respStmt>
</titleStmt>

<text id="APB1318T">

<body>
<div1 type="summary">
<p>William Carroll to Austin, November 5, 1826.   Introducing B. F. Foster.</p>
</div1>

<div1 type="body">

<p><location_mentioned>Nashville</location_mentioned>, <date_mentioned n="11-05-1826">November 5. 1826</date_mentioned></p>
<p>Sir:</p>

<p>Altho not personally known to you, I make no apology for 
introducing to your acquaintance<person_mentioned> Colo Benjamin F Foster</person_mentioned> of this place,
who goes to <location_mentioned>Texas </location_mentioned>as the <person_mentioned>agent </person_mentioned>for the <location_mentioned><person_mentioned>Leftwich</person_mentioned> Grant.</location_mentioned></p>

<p><person_mentioned>Colo Foster</person_mentioned> is a young <person_mentioned>Lawyer </person_mentioned>of fine education and good talents�
of extensive and highly respectable connections and has always 
sustained the character of a moral, intelligent and honorable young
<person_mentioned>gentleman</person_mentioned>-�As such it gives me pleasure to recommend him to your
kind civilities and friendly offices.</p>

<p><person_mentioned>Wm. Carroll</person_mentioned></p>

<p>[Addressed:] <person_mentioned>Colo. Stephen F Austin</person_mentioned> <location_mentioned>Texas</location_mentioned>.    <person_mentioned>Colo Foster</person_mentioned></p>.


</div1>
</body>
</text>
</TEI.2>
