
<TEI.2 id="APB1456">
<project_title>Digital Stephen F. Austin Papers</project_title>
<project_editor>Andrew J. Torget</project_editor>

<document_creation>11-08-1827</document_creation>
<document_citation>Eugene Barker, ed., <hi rend="italic">Annual Report of the American Historical Association for the Year 1919: The Austin Papers</hi>, (Washington, D.C.: Government Printing Office, 1924), 3 vols., Vol 1, Part 2, pp. 1710</document_citation>
<document_language>English</document_language>
<document_status>Private</document_status>
<document_type>Letter</document_type>
<document_author>Elisha Roberts</document_author>
<document_sender></document_sender>
<document_recipient>Stephen F. Austin</document_recipient>
<document_title>Elisha Roberts to Stephen F. Austin, 11-08-1827</document_title>
<document_location>
	<sent_from>Ayish Bayou, Texas</sent_from>
	<sent_to>Unknown</sent_to>
</document_location>
<barker_notes>
	<barker_summary>Elisha Roberts to Austin, November 8, 1827. Asking assistance in getting title to land in east Texas.</barker_summary>
	<barker_footnotes></barker_footnotes>
	<barker_citation>Eugene Barker, ed., <hi rend="italic">Annual Report of the American Historical Association for the Year 1919: The Austin Papers</hi>, (Washington, D.C.: Government Printing Office, 1924), 3 vols., Vol 1, Part 2, pp. 1710</barker_citation>
</barker_notes>
<document_digital_creation>07-26-2010</document_digital_creation>

<respStmt>
<resp>Project Director and Editor: </resp> 
<name>Andrew J. Torget</name>
<resp>Creation of XML version: </resp>
<name>Debbie Liles</name>
</respStmt>
</titleStmt>

<text id="APB1456T">

<body>
<div1 type="summary">
<p>Elisha Roberts to Austin, November 8, 1827. Asking assistance in getting title to land in east Texas.</p>
</div1>

<div1 type="body">

<p><location_mentioned>Ayish Bayou Taxas</location_mentioned> <date_mentioned n="11-08-1827">November 8th 1827</date_mentioned></p>
<p><person_mentioned>Col Stephen. F. Austin</person_mentioned></p>

<p>Dear sir I have not heard any Tidings of the Petetion that I
sent to the <person_mentioned>General Goverment</person_mentioned> for Land which makes me Rather
Doubtful that the <person_mentioned>Political Chief</person_mentioned> may have Neglected sending them
on as he Promised to do and I am confident that you Can do more
for me in that business then any person in this Goverment I will
make it worth your Trouble to get me a title I will Freely give
you five huundred Dollars if you will be instrumental in procuring
me a title and have it sent on to me you may Draw on me for any
Expences you may be at to pay postage or any other Expences it
would be a favour Ever to be acknowledged by me if you get me a
title if the title is on the way I will pay you for what Trouble and
Expences you may be at <person_mentioned>Col Gross</person_mentioned> has likewise promised me
that he will do Every thing that he Can to have my title Carried
into effect write to me and let me know how the business is going
on   Dear sir I with Respect your sinceer Friend</p>
<p><person_mentioned>Elisha Roberts</person_mentioned></p>


</div1>
</body>
</text>
</TEI.2>
