
<TEI.2 id="APB1491">
<project_title>Digital Stephen F. Austin Papers</project_title>
<project_editor>Andrew J. Torget</project_editor>

<document_creation>02-05-1828</document_creation>
<document_citation>Eugene Barker, ed., <hi rend="italic">Annual Report of the American Historical Association for the Year 1922: The Austin Papers</hi>, (Washington, D.C.: Government Printing Office, 1928), 3 vols., Vol 2, pp. 12</document_citation>
<document_language>Unknown</document_language>
<document_status>Unknown</document_status>
<document_type>Letter</document_type>
<document_author>Peter Eliis Bean</document_author>
<document_sender></document_sender>
<document_recipient>Stephen F. Austin</document_recipient>
<document_title>Peter Eliis Bean to Stephen F. Austin, 02-05-1828</document_title>
<document_location>
	<sent_from>Nacogdoches, Texas</sent_from>
	<sent_to>Unknown</sent_to>
</document_location>
<barker_notes>
	<barker_summary>Peter E. Bean to Austin, February 5, 1828. General political rumor. (Omitted.)</barker_summary>
	<barker_footnotes></barker_footnotes>
	<barker_citation>Eugene Barker, ed., <hi rend="italic">Annual Report of the American Historical Association for the Year 1919: The Austin Papers</hi>, (Washington, D.C.: Government Printing Office, 1924), 3 vols., Vol 1, Part 2, pp. 12</barker_citation>
</barker_notes>
<document_digital_creation>07-30-2010</document_digital_creation>

<respStmt>
<resp>Project Director and Editor: </resp> 
<name>Andrew J. Torget</name>
<resp>Creation of XML version: </resp>
<name>Debbie Liles</name>
</respStmt>
</titleStmt>

<text id="APB1491T">

<body>
<div1 type="summary">
<p>Peter E. Bean to Austin, February 5, 1828. General political rumor. (Omitted.)</p>
</div1>

<div1 type="body">
<p>
<location_mentioned>Nacogdoches</location_mentioned>,<date_mentioned n="02-05-1828"> February 5, 1828</date_mentioned>,</p>
<p>See Calendar,</p>

</div1>
</body>
</text>
</TEI.2>
