
<TEI.2 id="APB1027">
<project_title>Digital Stephen F. Austin Papers</project_title>
<project_editor>Andrew J. Torget</project_editor>

<document_creation>01-29-1825</document_creation>
<document_citation>Eugene Barker, ed., <hi rend="italic">Annual Report of the American Historical Association for the Year 1919: The Austin Papers</hi>, (Washington, D.C.: Government Printing Office, 1924), 3 vols., Vol 1, Part 2, pp. 1027</document_citation>
<document_language>English</document_language>
<document_status>Private</document_status>
<document_type>Letter</document_type>
<document_author>J. A. E. Phelos</document_author>
<document_sender></document_sender>
<document_recipient>Stephen F. Austin</document_recipient>
<document_title>James A. E. Phelos to Stephen F. Austin, 01-29-1825</document_title>
<document_location>
	<sent_from>Pinckneyville, Mississippi</sent_from>
	<sent_to>Unknown</sent_to>
</document_location>
<barker_notes>
	<barker_summary>James A. E. Phelps to Austin, January 29, 1825.   Sends garden seed.</barker_summary>
	<barker_footnotes></barker_footnotes>
	<barker_citation>Eugene Barker, ed., <hi rend="italic">Annual Report of the American Historical Association for the Year 1919: The Austin Papers</hi>, (Washington, D.C.: Government Printing Office, 1924), 3 vols., Vol 1, Part 2, pp. 1027</barker_citation>
</barker_notes>
<document_digital_creation>05-25-2010</document_digital_creation>

<respStmt>
<resp>Project Director and Editor: </resp> 
<name>Andrew J. Torget</name>
<resp>Creation of XML version: </resp>
<name>Debbie Liles</name>
</respStmt>
</titleStmt>

<text id="APB1027T">

<body>
<div1 type="summary">
<p>James A. E. Phelps to Austin, January 29, 1825.   Sends garden seed.</p>
</div1>

<div1 type="body">
<p><location_mentioned>Pinckney ville [Mississipi]</location_mentioned> <date_mentioned n="01-29-1825">Jan. 29th 1825</</date_mentioned>p>
<p><person_mentioned> Col. Stephen F. Austin</person_mentioned></p>
<p>Dear Sir.</p>
<p>I have the oportunity of complying with my promise to send you
some Garden seeds by <person_mentioned>Mr. Huff</person_mentioned>   I hope they will be to your liking.
On the <date_mentioned n="01-18-1825">18th</date_mentioned> Inst I wrote you by Mail; I hope you have 
Received the same�</p>

<p><person_mentioned>James A. E. Phelps</person_mentioned>    [Rubric]</p>


</div1>
</body>
</text>
</TEI.2>
