
<TEI.2 id="APB1301">
<project_title>Digital Stephen F. Austin Papers</project_title>
<project_editor>Andrew J. Torget</project_editor>

<document_creation>10-09-1826</document_creation>
<document_citation>Eugene Barker, ed., <hi rend="italic">Annual Report of the American Historical Association for the Year 1919: The Austin Papers</hi>, (Washington, D.C.: Government Printing Office, 1924), 3 vols., Vol 1, Part 2, pp. 1473</document_citation>
<document_language>English</document_language>
<document_status>Private</document_status>
<document_type>Letter</document_type>
<document_author>John McNeel</document_author>
<document_sender></document_sender>
<document_recipient>Stephen F. Austin</document_recipient>
<document_title>John McNeel to Stephen F. Austin, 10-09-1826</document_title>
<document_location>
	<sent_from>Unknown</sent_from>
	<sent_to>San Felipe de Austin, Texas</sent_to>
</document_location>
<barker_notes>
	<barker_summary>John McNeel to Austin, October 9, 1826.   Delay in payment of dues.</barker_summary>
	<barker_footnotes></barker_footnotes>
	<barker_citation>Eugene Barker, ed., <hi rend="italic">Annual Report of the American Historical Association for the Year 1919: The Austin Papers</hi>, (Washington, D.C.: Government Printing Office, 1924), 3 vols., Vol 1, Part 2, pp. 1473</barker_citation>
</barker_notes>
<document_digital_creation>07-14-2010</document_digital_creation>

<respStmt>
<resp>Project Director and Editor: </resp> 
<name>Andrew J. Torget</name>
<resp>Creation of XML version: </resp>
<name>Debbie Liles</name>
</respStmt>
</titleStmt>

<text id="APB1301T">

<body>
<div1 type="summary">
<p>John McNeel to Austin, October 9, 1826.   Delay in payment of dues.</p>
</div1>

<div1 type="body">

<p>Dear Sir                                                                        <date_mentioned n="01-09-1826">Oct 9th 1826</date_mentioned>
</p>
<p>I recd your favor by <person_mentioned>Mr. Millican</person_mentioned> in due time and feel sensible of
the necessity of paying you the balance which is due you for Our
<location_mentioned>lands</location_mentioned>. But at the same time have to say to you, that I regret 
exceedingly that money is not at my command at this moment as it has
taken whole of my <date_mentioned n="xx-xx-1825">last year</date_mentioned>'s Crop to procure the articles 
indispensibly necessary in making my establishment here, procuring 
provisions etc. I have money Owing me to a considerable amount
which I hope to be able to collect shortly, Or I have property which
shall be at your service if it will answer you any valuable purpose.
I was in hopes you would have visited me when you were in the
<location_mentioned>lower settlement</location_mentioned> last, but was disappointed, please to write me, and
give me any news you may have to Communicate I am informed
there are many reports in circulation with regard to what are to be
the future prospects of Our <location_mentioned>Country</location_mentioned>, But having been sick for nearly
three months and seeing no person here, I feel Considerable 
solicitude On the subject, There is nothing in this <location_mentioned>quarter</location_mentioned>, either new
or interesting�</p>

<p>Should you be down in this <location_mentioned>quarter </location_mentioned>please call and see me if it
may be convenient.</p>
<p><person_mentioned>John McNeel</person_mentioned>    [Rubric]</p>
<p>[Addressed:] <person_mentioned>Col. Stephen F. Austin</person_mentioned> <location_mentioned>San Felipe de Austin Texas</location_mentioned></p>


</div1>
</body>
</text>
</TEI.2>
