
<TEI.2 id="APB1774">
<project_title>Digital Stephen F. Austin Papers</project_title>
<project_editor>Andrew J. Torget</project_editor>

<document_creation>10-24-1829</document_creation>
<document_citation>Eugene Barker, ed., <hi rend="italic">Annual Report of the American Historical Association for the Year 1922: The Austin Papers</hi>, (Washington, D.C.: Government Printing Office, 1928), 3 vols., Vol 2, pp. 273</document_citation>
<document_language>Spanish</document_language>
<document_status>Private</document_status>
<document_type>Letter</document_type>
<document_author>J M Viesca </document_author>
<document_sender></document_sender>
<document_recipient>Ramon Musquiz</document_recipient>
<document_title>J M Viesca  to Ramon Musquiz, 10-24-1829</document_title>
<document_location>
	<sent_from>Saltillo, Coahuila</sent_from>
	<sent_to>Unknown</sent_to>
</document_location>
<barker_notes>
	<barker_summary>Jos� Maria Yiesca to Ramon Musquiz, Saltillo, October 24, 1829. Inquiring whether Austin had been repaid expenses advanced in 1826 in making topographical survey of Galveston Bay.    (Omitted.)</barker_summary>
	<barker_footnotes></barker_footnotes>
	<barker_citation>Eugene Barker, ed., <hi rend="italic">Annual Report of the American Historical Association for the Year 1919: The Austin Papers</hi>, (Washington, D.C.: Government Printing Office, 1924), 3 vols., Vol 1, Part 2, pp. 273</barker_citation>
</barker_notes>
<document_digital_creation>08-15-2010</document_digital_creation>

<respStmt>
<resp>Project Director and Editor: </resp> 
<name>Andrew J. Torget</name>
<resp>Creation of XML version: </resp>
<name>Debbie Liles</name>
</respStmt>
</titleStmt>

<text id="APB1774T">

<body>
<div1 type="summary">
<p>Jos� Maria Yiesca to Ramon Musquiz, Saltillo, October 24, 1829. Inquiring whether Austin had been repaid expenses advanced in 1826 in making topographical survey of Galveston Bay.    (Omitted.)</p>
</div1>

<div1 type="body">

<p><location_mentioned>Saltillo</location_mentioned>, <date_mentioned n="10-24-1829">October 24, 1829.</date_mentioned></p>
<p>See Calendar.</p>

</div1>
</body>
</text>
</TEI.2>
