
<TEI.2 id="APB1419">
<project_title>Digital Stephen F. Austin Papers</project_title>
<project_editor>Andrew J. Torget</project_editor>

<document_creation>06-26-1827</document_creation>
<document_citation>Eugene Barker, ed., <hi rend="italic">Annual Report of the American Historical Association for the Year 1919: The Austin Papers</hi>, (Washington, D.C.: Government Printing Office, 1924), 3 vols., Vol 1, Part 2, pp. 1662</document_citation>
<document_language>English</document_language>
<document_status>Private</document_status>
<document_type>Letter</document_type>
<document_author>J. Cable</document_author>
<document_sender></document_sender>
<document_recipient>Stephen F. Austin</document_recipient>
<document_title>J. Cable to Stephen F. Austin, 06-26-1827</document_title>
<document_location>
	<sent_from>Natchitoches, Louisiana</sent_from>
	<sent_to>Austin's Colony, Texas</sent_to>
</document_location>
<barker_notes>
	<barker_summary>
J. Cable to Austin, June 26, 1827.    Introducing William Calahan.</barker_summary>
	<barker_footnotes></barker_footnotes>
	<barker_citation>Eugene Barker, ed., <hi rend="italic">Annual Report of the American Historical Association for the Year 1919: The Austin Papers</hi>, (Washington, D.C.: Government Printing Office, 1924), 3 vols., Vol 1, Part 2, pp. 1662</barker_citation>
</barker_notes>
<document_digital_creation>07-25-2010</document_digital_creation>

<respStmt>
<resp>Project Director and Editor: </resp> 
<name>Andrew J. Torget</name>
<resp>Creation of XML version: </resp>
<name>Debbie Liles</name>
</respStmt>
</titleStmt>

<text id="APB1419T">

<body>
<div1 type="summary">
<p>
J. Cable to Austin, June 26, 1827.    Introducing William Calahan.</p>
</div1>

<div1 type="body">

<p><location_mentioned>Natchitoches </location_mentioned><date_mentioned n="06-26-1827">26th June 1827</date_mentioned></p>
<p>Dr sir</p>

<p>Permit me to introduce to your acquaintance <person_mentioned>Mr. William Calahan</person_mentioned>
of this place who is on a visit to your <location_mentioned>Settlement </location_mentioned>any politeness
shone him will be greatly acknowledged by your assured friend</p>

<p><person_mentioned>J. Cable</person_mentioned></p>
<p><person_mentioned>Col. S. F. Austin</person_mentioned><location_mentioned> Austin's Colony.   Texas</location_mentioned></p>


</div1>
</body>
</text>
</TEI.2>
