
<TEI.2 id="APB1268">
<project_title>Digital Stephen F. Austin Papers</project_title>
<project_editor>Andrew J. Torget</project_editor>

<document_creation>09-03-1826</document_creation>
<document_citation>Eugene Barker, ed., <hi rend="italic">Annual Report of the American Historical Association for the Year 1919: The Austin Papers</hi>, (Washington, D.C.: Government Printing Office, 1924), 3 vols., Vol 1, Part 2, pp. 1444</document_citation>
<document_language>English</document_language>
<document_status>Private</document_status>
<document_type>Letter</document_type>
<document_author>Green DeWitt</document_author>
<document_sender></document_sender>
<document_recipient>Stephen F. Austin</document_recipient>
<document_title>Green DeWitt to Stephen F. Austin, 09-03-1826</document_title>
<document_location>
	<sent_from>Labaca River, Texas</sent_from>
	<sent_to>Unknown</sent_to>
</document_location>
<barker_notes>
	<barker_summary>Green De Witt to Austin, September 3,1826.    Borrowing tools.</barker_summary>
	<barker_footnotes></barker_footnotes>
	<barker_citation>Eugene Barker, ed., <hi rend="italic">Annual Report of the American Historical Association for the Year 1919: The Austin Papers</hi>, (Washington, D.C.: Government Printing Office, 1924), 3 vols., Vol 1, Part 2, pp. 1444</barker_citation>
</barker_notes>
<document_digital_creation>07-11-2010</document_digital_creation>

<respStmt>
<resp>Project Director and Editor: </resp> 
<name>Andrew J. Torget</name>
<resp>Creation of XML version: </resp>
<name>Debbie Liles</name>
</respStmt>
</titleStmt>

<text id="APB1268T">

<body>
<div1 type="summary">
<p>Green De Witt to Austin, September 3,1826.    Borrowing tools.</p>
</div1>

<div1 type="body">

<p>Dr Sir</p>

<p>I mentioned in my letter to you herewith delivered, that I had 
commenced the building of a boat, for the purpose of lighting or 
unloading the schooner; which I am bound to have completed; and on 
leaving <location_mentioned>New Orleans</location_mentioned> I neglected to get a whip saw and some files; which
I must beg the favor of you to borrow, and if you have none of your
own to use your influence to get for me, and I will have special carp
taken of her; and returned.</p>

<p>Station On <location_mentioned>Labaca </location_mentioned><date_mentioned n="09-03-1826">Sept 3rd 1826</date_mentioned>.</p>

<p><person_mentioned>G. Dewitt</person_mentioned>    [Rubric]</p>

<p><person_mentioned>Col Stephen F Austin</person_mentioned></p>

</div1>
</body>
</text>
</TEI.2>
