
<TEI.2 id="APB1548">
<project_title>Digital Stephen F. Austin Papers</project_title>
<project_editor>Andrew J. Torget</project_editor>

<document_creation>05-17-1828</document_creation>
<document_citation>Eugene Barker, ed., <hi rend="italic">Annual Report of the American Historical Association for the Year 1922: The Austin Papers</hi>, (Washington, D.C.: Government Printing Office, 1928), 3 vols., Vol 2, pp. 46</document_citation>
<document_language>English</document_language>
<document_status>Public</document_status>
<document_type>Form of Contract</document_type>
<document_author>Stephen F Austin</document_author>
<document_sender></document_sender>
<document_recipient>Unknown</document_recipient>
<document_title>Stephen F Austin to Unknown, 05-17-1828</document_title>
<document_location>
	<sent_from>Unknown</sent_from>
	<sent_to>Unknown</sent_to>
</document_location>
<barker_notes>
	<barker_summary>Form of contract to be signed by master and slaves entering Texas. May �,1828.    (Omitted, but see text for citation.)</barker_summary>
	<barker_footnotes></barker_footnotes>
	<barker_citation>Eugene Barker, ed., <hi rend="italic">Annual Report of the American Historical Association for the Year 1919: The Austin Papers</hi>, (Washington, D.C.: Government Printing Office, 1924), 3 vols., Vol 1, Part 2, pp. 46</barker_citation>
</barker_notes>
<document_digital_creation>08-06-2010</document_digital_creation>

<respStmt>
<resp>Project Director and Editor: </resp> 
<name>Andrew J. Torget</name>
<resp>Creation of XML version: </resp>
<name>Debbie Liles</name>
</respStmt>
</titleStmt>

<text id="APB1548T">

<body>
<div1 type="summary">
<p>Form of contract to be signed by master and slaves entering Texas. May �,1828.    (Omitted, but see text for citation.)</p>
</div1>

<div1 type="body">

<p>"Form of Contract for Introducing <person_mentioned>Servants </person_mentioned>into the <location_mentioned>State
of Coahuila and Texas</location_mentioned> "</p>

<p>[Prepared by Austin for the use of immigrants who wished to
evade the laws excluding slavery. The substance of the document is
quoted by Lester G. Bugbee in Political Science Quarterly, XIII.
For the circumstances of the passage of the law legalizing such

evasion, see Musquiz to Austin, April 17, 1828, and Navarro and
Arciniega to Austin, May 17, 1828.]</p>



</div1>
</body>
</text>
</TEI.2>
