
<TEI.2 id="APB1092">
<project_title>Digital Stephen F. Austin Papers</project_title>
<project_editor>Andrew J. Torget</project_editor>

<document_creation>05-01-1825</document_creation>
<document_citation>Eugene Barker, ed., <hi rend="italic">Annual Report of the American Historical Association for the Year 1919: The Austin Papers</hi>, (Washington, D.C.: Government Printing Office, 1924), 3 vols., Vol 1, Part 2, pp. 1085</document_citation>
<document_language>English</document_language>
<document_status>Private</document_status>
<document_type>Letter</document_type>
<document_author>William Blanks</document_author>
<document_sender></document_sender>
<document_recipient>Stephen F. Austin</document_recipient>
<document_title>William Blanks to Stephen F. Austin, 05-01-1825</document_title>
<document_location>
	<sent_from>Buffalo Bayou, Texas</sent_from>
	<sent_to>San Felipe de Austin, Texas</sent_to>
</document_location>
<barker_notes>
	<barker_summary>William Blanks to Austin, May 1, 1825.   Fear of contest over his land.</barker_summary>
	<barker_footnotes></barker_footnotes>
	<barker_citation>Eugene Barker, ed., <hi rend="italic">Annual Report of the American Historical Association for the Year 1919: The Austin Papers</hi>, (Washington, D.C.: Government Printing Office, 1924), 3 vols., Vol 1, Part 2, pp. 1085</barker_citation>
</barker_notes>
<document_digital_creation>06-08-2010</document_digital_creation>

<respStmt>
<resp>Project Director and Editor: </resp> 
<name>Andrew J. Torget</name>
<resp>Creation of XML version: </resp>
<name>Debbie Liles</name>
</respStmt>
</titleStmt>

<text id="APB1092T">

<body>
<div1 type="summary">
<p>William Blanks to Austin, May 1, 1825.   Fear of contest over his land.</p>
</div1>

<div1 type="body">

<p><location_mentioned>Buffalow Bayou</location_mentioned> <date_mentioned n="05-01-1825">May 1st 1825</date_mentioned></p>
<p>Honorable Col I Expect to leave here in a few days for 
<location_mentioned>Tuckapaw</location_mentioned> and I wish to inform you of my oneasiness I met with a
young <person_mentioned>man </person_mentioned>on <location_mentioned>buffalow bayou</location_mentioned> by the name of <person_mentioned>Clair </person_mentioned>he was just
from <location_mentioned>tuckapaw</location_mentioned> came in company with <person_mentioned>Mr Garner</person_mentioned>, and I was
speaking of my half league at <location_mentioned>Dickson's Camp</location_mentioned> and he enquired
if it was surveyed and I said nay, and he said he was the first man
that improved it, and talkd of contending for it, and I do not know
how long it has been since he quit the place, but I Expect two
years I told him that the barings of the timber was taken and
the beginning corner was establish, and he said he did not know that
he should contend�I do not wish to be cut out of that piece by
know means for it is all that I think much of, and if you think there
is any dainger, I will give <person_mentioned>Mr. Ingram</person_mentioned> some thing Cleaver to have
it surveyd, or in other words maid safe, if it is not safe, I hope you
under stand me;</p>
<p><person_mentioned>WM Blanks</person_mentioned>,</p>
<p>[Addressed:]<person_mentioned> Col S, F, Austin</person_mentioned> <location_mentioned>San Felipi de Austin</location_mentioned>.</p>

</div1>
</body>
</text>
</TEI.2>
