
<TEI.2 id="APB1447">
<project_title>Digital Stephen F. Austin Papers</project_title>
<project_editor>Andrew J. Torget</project_editor>

<document_creation>10-11-1827</document_creation>
<document_citation>Eugene Barker, ed., <hi rend="italic">Annual Report of the American Historical Association for the Year 1919: The Austin Papers</hi>, (Washington, D.C.: Government Printing Office, 1924), 3 vols., Vol 1, Part 2, pp. 1697-1698</document_citation>
<document_language>English</document_language>
<document_status>Private</document_status>
<document_type>letter</document_type>
<document_author>Stephen F. Austin</document_author>
<document_sender></document_sender>
<document_recipient>Victor Blanco</document_recipient>
<document_title>Stephen F. Austin to Victor Blanco, 10-11-1827</document_title>
<document_location>
	<sent_from>Saltillo, Coahuila</sent_from>
	<sent_to>Unknown</sent_to>
</document_location>
<barker_notes>
	<barker_summary>Austin to the governor, October 11, 1827.    Petition to establish a town.</barker_summary>
	<barker_footnotes>Record of Empresario Contracts, p. 131.    General Land Office (Texas).</barker_footnotes>
	<barker_citation>Eugene Barker, ed., <hi rend="italic">Annual Report of the American Historical Association for the Year 1919: The Austin Papers</hi>, (Washington, D.C.: Government Printing Office, 1924), 3 vols., Vol 1, Part 2, pp. 1697-1698</barker_citation>
</barker_notes>
<document_digital_creation>07-26-2010</document_digital_creation>

<respStmt>
<resp>Project Director and Editor: </resp> 
<name>Andrew J. Torget</name>
<resp>Creation of XML version: </resp>
<name>Debbie Liles</name>
</respStmt>
</titleStmt>

<text id="APB1447T">

<body>
<div1 type="summary">
<p>Austin to the governor, October 11, 1827.    Petition to establish a town.</p>
</div1>

<div1 type="body">

<p>To his <person_mentioned>Excellency the Governor of the <location_mentioned>State of Coahuila and Texas</location_mentioned></person_mentioned>
</p>.

<p><person_mentioned>Citizen Stephen F. Austin</person_mentioned>, most respectfully represents to <person_mentioned>Your
Excellency</person_mentioned>, that he has been solicited by several of the <person_mentioned>inhabitants</person_mentioned>
of <location_mentioned>Bexar</location_mentioned>, to settle some <person_mentioned>families </person_mentioned><location_mentioned>on the borders of the River 
Colorado</location_mentioned>, at the place <location_mentioned>where that river is crossed by the road leading
from Bexar to Nacogdoches</location_mentioned>, in order to found a <location_mentioned>town</location_mentioned>, <location_mentioned>at the above-<barker_pb n="1698"/>
mentioned crossing</location_mentioned>, with a view not only to afford the necessary
<location_mentioned>facilities </location_mentioned>to the <person_mentioned>travellers </person_mentioned>of that road, but also to penetrate with
the new <location_mentioned>settlements</location_mentioned>, further into the <location_mentioned>interior of the country, towards the <person_mentioned>Savage Tribes</person_mentioned>, but as this <location_mentioned>road is the Northern boundary of the
Colony</location_mentioned></location_mentioned>, I have already contracted, and as the best site for the 
settlement of the Town, is <location_mentioned>on the Eastern bank of the river Colorado</location_mentioned>,
<location_mentioned>above the said road</location_mentioned>, and <location_mentioned>beyond the limits of any colonization 
contract</location_mentioned>, I am unable to effect the <location_mentioned>settlement </location_mentioned>proposed, without 
entering into a new contract, with the <person_mentioned>Government</person_mentioned>, for the purpose, and
believing that the Settlement of said Town, will be highly 
beneficial affording <location_mentioned>facilities </location_mentioned>for travelling, and to the mails and <person_mentioned>Troops</person_mentioned>,
frequently passing from <location_mentioned>Bexar </location_mentioned>and <location_mentioned>Nacodoches</location_mentioned>, and also prevent
in some degree the incursions of the <person_mentioned>Indians</person_mentioned>, who are continually
harassing the <location_mentioned>neighborhoods of Bexar</location_mentioned>,<location_mentioned> La Bahia</location_mentioned>, and the new 
<location_mentioned>Settlements</location_mentioned>, and infest the <location_mentioned>roads</location_mentioned>, I have considered it my duty, in
order to promote the welfare and progress of <location_mentioned>that section of the
State</location_mentioned>, to lay the matter before your <person_mentioned>Excellency</person_mentioned>, and recommend the
establishment of the before-mentioned <location_mentioned>town</location_mentioned>, offering on my part,
to discharge all the duties of <person_mentioned>Empresario</person_mentioned>, in effecting the same,
and to settle <location_mentioned>in the vicinity of the town proposed,</location_mentioned> the <location_mentioned>lands which
may not be within the limits of any Colonization Contract</location_mentioned>; 
provided the favors and privileges allowed to <person_mentioned>Empresarios </person_mentioned>are granted
to me, and also that one of the stipulations of the Contract is, that
each <person_mentioned>Colonist </person_mentioned>is to pay the sum of Thirty Dollars, for my services,
in attending to their business, and making the translations to the
completion of the title to their lands, by the <person_mentioned>Commissioner </person_mentioned>
guaranteeing the contracts made between the <person_mentioned>Colonists </person_mentioned>and myself, I offer
to settle <person_mentioned>One hundred families</person_mentioned> in this <location_mentioned>new Colony,</location_mentioned> but upon the
conditions, that should there not be a sufficiency of land, within the
limits assigned for the said <location_mentioned>new colony</location_mentioned>, to locate them in conformity
with the law in the case; Your Excellency will permit me to 
complete to them the quantity deficient, within the limits of the <location_mentioned>colony</location_mentioned>
which I have already contracted with the <person_mentioned>Government </person_mentioned>of this <location_mentioned>State</location_mentioned></p>

<p><location_mentioned>Saltillo</location_mentioned>, <date_mentioned n="10-11-1827">Octr. 11, 1827</date_mentioned>.</p>
<p><person_mentioned>Stephen F. Austin</person_mentioned></p>

</div1>
</body>
</text>
</TEI.2>
