
<TEI.2 id="APB1182">
<project_title>Digital Stephen F. Austin Papers</project_title>
<project_editor>Andrew J. Torget</project_editor>

<document_creation>06-27-1826</document_creation>
<document_citation>Eugene Barker, ed., <hi rend="italic">Annual Report of the American Historical Association for the Year 1919: The Austin Papers</hi>, (Washington, D.C.: Government Printing Office, 1924), 3 vols., Vol 1, Part 2, pp. 1363</document_citation>
<document_language>English</document_language>
<document_status>Public</document_status>
<document_type>Passport</document_type>
<document_author>Samuel Norris</document_author>
<document_sender></document_sender>
<document_recipient>general public</document_recipient>
<document_title>Samuel Norris to general public, 06-27-1826</document_title>
<document_location>
	<sent_from>Nacogdoches, Texas</sent_from>
	<sent_to>Unknown</sent_to>
</document_location>
<barker_notes>
	<barker_summary>Samuel Norris to---------, June 27, 1826.    Asking assistance for mail rider.</barker_summary>
	<barker_footnotes></barker_footnotes>
	<barker_citation>Eugene Barker, ed., <hi rend="italic">Annual Report of the American Historical Association for the Year 1919: The Austin Papers</hi>, (Washington, D.C.: Government Printing Office, 1924), 3 vols., Vol 1, Part 2, pp. 1363</barker_citation>
</barker_notes>
<document_digital_creation>06-22-2010</document_digital_creation>

<respStmt>
<resp>Project Director and Editor: </resp> 
<name>Andrew J. Torget</name>
<resp>Creation of XML version: </resp>
<name>Debbie Liles</name>
</respStmt>
</titleStmt>

<text id="APB1182T">

<body>
<div1 type="summary">
<p>Samuel Norris to---------, June 27, 1826.    Asking assistance for mail rider.</p>
</div1>

<div1 type="body">

<p><location_mentioned>Nacogdoches </location_mentioned><date_mentioned n="06-27-1826">June 27th 1826</date_mentioned>.</p>

<p>to all that this may be pres[e]nted are hereby commande[d] to give
any assistance to the <person_mentioned>mail rider</person_mentioned> to forward him on either in horses
or provision at his expences</p>

<p>all ferry are also commanded [to] cross him without fail or any
delay</p>

<p><person_mentioned>Samuel Norris    </person_mentioned>[Rubric]</p>

</div1>
</body>
</text>
</TEI.2>
