
<TEI.2 id="APB1017">
<project_title>Digital Stephen F. Austin Papers</project_title>
<project_editor>Andrew J. Torget</project_editor>

<document_creation>01-19-1825</document_creation>
<document_citation>Eugene Barker, ed., <hi rend="italic">Annual Report of the American Historical Association for the Year 1919: The Austin Papers</hi>, (Washington, D.C.: Government Printing Office, 1924), 3 vols., Vol 1, Part 2, pp. 1021-1022</document_citation>
<document_language>English</document_language>
<document_status>Private</document_status>
<document_type>Letter</document_type>
<document_author>Thomas Gray</document_author>
<document_sender></document_sender>
<document_recipient>Stephen F. Austin</document_recipient>
<document_title>Thomas Gray to Stephen F. Austin, 01-19-1825</document_title>
<document_location>
	<sent_from>Colorado River, Texas</sent_from>
	<sent_to>Unknown</sent_to>
</document_location>
<barker_notes>
	<barker_summary>Thomas Gray to Austin, January 19, 1825.   Land.  </barker_summary>
	<barker_footnotes></barker_footnotes>
	<barker_citation>Eugene Barker, ed., <hi rend="italic">Annual Report of the American Historical Association for the Year 1919: The Austin Papers</hi>, (Washington, D.C.: Government Printing Office, 1924), 3 vols., Vol 1, Part 2, pp. 1021-1022</barker_citation>
</barker_notes>
<document_digital_creation>05-23-2010</document_digital_creation>

<respStmt>
<resp>Project Director and Editor: </resp> 
<name>Andrew J. Torget</name>
<resp>Creation of XML version: </resp>
<name>Debbie Liles</name>
</respStmt>
</titleStmt>

<text id="APB1017T">

<body>
<div1 type="summary">
<p>Thomas Gray to Austin, January 19, 1825.   Land.  </p>
</div1>

<div1 type="body">

<p><location_mentioned>Colorado</location_mentioned> <date_mentioned n="01-19-1825">January 19th 1825</date_mentioned></p>
<p><person_mentioned>Col. S. F. Austin</person_mentioned></p>

<p>Sir I have made choice of the <location_mentioned>seventh Eighth and 12th Leagues
</location_mentioned>if either of these Leagues are vacant please to enter one for me.<barker_pb n="1022"/>

<person_mentioned>Mr John Demiss</person_mentioned> also requests one if there are two yet vacant entered
for him.    I have made choice of the <location_mentioned>seventh Labour, on the west
side of the river</location_mentioned>.</p>
<p>N. B. those Leagues lies <location_mentioned>near the head of the Bay Prairie</location_mentioned></p>

<p><person_mentioned>Thomas Gray</person_mentioned></p>

</div1>
</body>
</text>
</TEI.2>
