
<TEI.2 id="APB1020">
<project_title>Digital Stephen F. Austin Papers</project_title>
<project_editor>Andrew J. Torget</project_editor>

<document_creation>01-23-1825</document_creation>
<document_citation>Eugene Barker, ed., <hi rend="italic">Annual Report of the American Historical Association for the Year 1919: The Austin Papers</hi>, (Washington, D.C.: Government Printing Office, 1924), 3 vols., Vol 1, Part 2, pp. 1023</document_citation>
<document_language>English</document_language>
<document_status>Private</document_status>
<document_type>Letter</document_type>
<document_author>Thomas Gray</document_author>
<document_sender></document_sender>
<document_recipient>Stephen F. Austin</document_recipient>
<document_title>Thomas Gray to Stephen F. Austin, 01-23-1825</document_title>
<document_location>
	<sent_from>Colorado River, Texas</sent_from>
	<sent_to>Unknown</sent_to>
</document_location>
<barker_notes>
	<barker_summary>
Thomas Gray to Austin, January 23, 1825. Misunderstanding about the land that he desired.</barker_summary>
	<barker_footnotes></barker_footnotes>
	<barker_citation>Eugene Barker, ed., <hi rend="italic">Annual Report of the American Historical Association for the Year 1919: The Austin Papers</hi>, (Washington, D.C.: Government Printing Office, 1924), 3 vols., Vol 1, Part 2, pp. 1023</barker_citation>
</barker_notes>
<document_digital_creation>05-24-1825</document_digital_creation>

<respStmt>
<resp>Project Director and Editor: </resp> 
<name>Andrew J. Torget</name>
<resp>Creation of XML version: </resp>
<name>Debbie Liles</name>
</respStmt>
</titleStmt>

<text id="APB1020T">

<body>
<div1 type="summary">
<p>Thomas Gray to Austin, January 23, 1825. Misunderstanding about the land that he desired.</p>
</div1>

<div1 type="body">
<p><location_mentioned>Colorado </location_mentioned> <date_mentioned n="01-23-1825">January 23rd 1825</date_mentioned></p>
<p>Dear Sir I received verbal information from you by <person_mentioned>Capt Burnham</person_mentioned> 
informing me that neither of the Leagues selected by me; as
my choice would be entered by you in my name; if I have intrudad
upon you by presenting to you in writing the <location_mentioned>7th 8th and 12 Leagues
</location_mentioned>as my choice of either please excuse the intrusion. Were I placed in
affluence as is the situation of some of your applicants I am of opinion
that you would have attended to and recd my Entry by <person_mentioned>Capt Burnham</person_mentioned>. 
I hope you may bestow the Land;, or rather sell it to a more
worthy than I am; I wish every thing that may contribute to the
wellfare of the <location_mentioned>colony</location_mentioned>, to your health and happiness
</p>
<p>N. B. Sir I would be thankful to you if you would confer the
favour upon me of sending me a Certificate Certifying that I have
no land in this <location_mentioned>colony</location_mentioned> and oblige your friend

</p><p><person_mentioned>Thomas Gray</person_mentioned></p>
<p><person_mentioned>Col. Stephen F. Austin</person_mentioned></p>


</div1>
</body>
</text>
</TEI.2>
