
<TEI.2 id="APB1521">
<project_title>Digital Stephen F. Austin Papers</project_title>
<project_editor>Andrew J. Torget</project_editor>

<document_creation>04-05-1828</document_creation>
<document_citation>Eugene Barker, ed., <hi rend="italic">Annual Report of the American Historical Association for the Year 1922: The Austin Papers</hi>, (Washington, D.C.: Government Printing Office, 1928), 3 vols., Vol 2, pp. 29</document_citation>
<document_language>English</document_language>
<document_status>Private</document_status>
<document_type>Account</document_type>
<document_author>J. H. Polley</document_author>
<document_sender></document_sender>
<document_recipient>Stephen F Austin</document_recipient>
<document_title>J. H. Polley to Stephen F Austin, 04-05-1828</document_title>
<document_location>
	<sent_from>Unknown</sent_from>
	<sent_to>Unknown</sent_to>
</document_location>
<barker_notes>
	<barker_summary>Austin in account of J. H. Polley, April 5, 1828.   Price of labor.</barker_summary>
	<barker_footnotes></barker_footnotes>
	<barker_citation>Eugene Barker, ed., <hi rend="italic">Annual Report of the American Historical Association for the Year 1919: The Austin Papers</hi>, (Washington, D.C.: Government Printing Office, 1924), 3 vols., Vol 1, Part 2, pp. 29</barker_citation>
</barker_notes>
<document_digital_creation>08-02-2010</document_digital_creation>

<respStmt>
<resp>Project Director and Editor: </resp> 
<name>Andrew J. Torget</name>
<resp>Creation of XML version: </resp>
<name>Debbie Liles</name>
</respStmt>
</titleStmt>

<text id="APB1521T">

<body>
<div1 type="summary">
<p>Austin in account of J. H. Polley, April 5, 1828.   Price of labor.</p>
</div1>

<div1 type="body">

<p><date_mentioned n="11-17-1827">17th Novr 1827</date_mentioned>   <person_mentioned>James B Austin</person_mentioned> To <person_mentioned>J H Polley</person_mentioned>   Dr
To team work nine days and half_____   9.50</p>

<p><date_mentioned n="04-05-1828">Aprile 5th 1828 </date_mentioned>  <person_mentioned>Stephen F Austin</person_mentioned> To <person_mentioned>J. H. Polly </person_mentioned>  Dr
to hawling Corn from <location_mentioned>river</location_mentioned>_________   3. 00</p>


</div1>
</body>
</text>
</TEI.2>
