
<TEI.2 id="APB1119">
<project_title>Digital Stephen F. Austin Papers</project_title>
<project_editor>Andrew J. Torget</project_editor>

<document_creation>04-17-1826</document_creation>
<document_citation>Eugene Barker, ed., <hi rend="italic">Annual Report of the American Historical Association for the Year 1919: The Austin Papers</hi>, (Washington, D.C.: Government Printing Office, 1924), 3 vols., Vol 1, Part 2, pp. 1307</document_citation>
<document_language>English</document_language>
<document_status>Private</document_status>
<document_type>Letter</document_type>
<document_author>Jesse Thompson</document_author>
<document_sender></document_sender>
<document_recipient>Stephen F. Austin</document_recipient>
<document_title>Jesse Thompson to Stephen F. Austin, 04-17-1826</document_title>
<document_location>
	<sent_from>Province of Tais</sent_from>
	<sent_to>Austin's Colony, Brazos, Texas</sent_to>
</document_location>
<barker_notes>
	<barker_summary>Jesse Thompson to Austin, April 17, 1826.    Decline of price of cotton.</barker_summary>
	<barker_footnotes></barker_footnotes>
	<barker_citation>Eugene Barker, ed., <hi rend="italic">Annual Report of the American Historical Association for the Year 1919: The Austin Papers</hi>, (Washington, D.C.: Government Printing Office, 1924), 3 vols., Vol 1, Part 2, pp. 1307</barker_citation>
</barker_notes>
<document_digital_creation>06-10-2010</document_digital_creation>

<respStmt>
<resp>Project Director and Editor: </resp> 
<name>Andrew J. Torget</name>
<resp>Creation of XML version: </resp>
<name>Debbie Liles</name>
</respStmt>
</titleStmt>

<text id="APB1119T">

<body>
<div1 type="summary">
<p>Jesse Thompson to Austin, April 17, 1826.    Decline of price of cotton.</p>
</div1>

<div1 type="body">

<p><location_mentioned>Province of Tais</location_mentioned> <date_mentioned n="04-17-1826">April 17th 1826</date_mentioned></p>
<p><person_mentioned>Col Stephen F. Austin</person_mentioned></p>
<p>
Dear Sir I have the pleasure of writing these lines to you to
inform you of my situation that is I am at this and have been very
sick I was taken at <location_mentioned>Natchitoches </location_mentioned><date_mentioned n="04-09-1826">eight days since</date_mentioned> and have 
remained sick ever since and I can further [tell?] you that cotton is
very low and I have declined going to <location_mentioned>Orleans </location_mentioned>and cant tell when I
shall return on account of getting return for my cotton and I have
wrote to my <person_mentioned>wife </person_mentioned>which will be lodged with you and I want you
to forward the letter to her as [soon as] possible and oblige your
friend   nothing more but remains yours with respect</p>
<p><person_mentioned>Jesse Thompson</person_mentioned></p>

<p>[Addressed:]<person_mentioned> Col. Stephen F. Austin</person_mentioned> <location_mentioned>Austins colony</location_mentioned> <location_mentioned>Brasses</location_mentioned></p>


</div1>
</body>
</text>
</TEI.2>
