
<TEI.2 id="APB1322">
<project_title>Digital Stephen F. Austin Papers</project_title>
<project_editor>Andrew J. Torget</project_editor>

<document_creation>11-06-1826</document_creation>
<document_citation>Eugene Barker, ed., <hi rend="italic">Annual Report of the American Historical Association for the Year 1919: The Austin Papers</hi>, (Washington, D.C.: Government Printing Office, 1924), 3 vols., Vol 1, Part 2, pp. 1493</document_citation>
<document_language>English</document_language>
<document_status>Private</document_status>
<document_type>Letter</document_type>
<document_author>J. C. Payton</document_author>
<document_sender></document_sender>
<document_recipient>Stephen F. Austin</document_recipient>
<document_title>J. C. Payton to Stephen F. Austin, 11-06-1826</document_title>
<document_location>
	<sent_from>San Felipe de Austin, Texas</sent_from>
	<sent_to>Unknown</sent_to>
</document_location>
<barker_notes>
	<barker_summary>J. C. Payton to Austin, November 6, 1826.   Application for land.</barker_summary>
	<barker_footnotes></barker_footnotes>
	<barker_citation>Eugene Barker, ed., <hi rend="italic">Annual Report of the American Historical Association for the Year 1919: The Austin Papers</hi>, (Washington, D.C.: Government Printing Office, 1924), 3 vols., Vol 1, Part 2, pp. 1493</barker_citation>
</barker_notes>
<document_digital_creation>07-17-2010</document_digital_creation>

<respStmt>
<resp>Project Director and Editor: </resp> 
<name>Andrew J. Torget</name>
<resp>Creation of XML version: </resp>
<name>Debbie Liles</name>
</respStmt>
</titleStmt>

<text id="APB1322T">

<body>
<div1 type="summary">
<p>J. C. Payton to Austin, November 6, 1826.   Application for land.</p>
</div1>

<div1 type="body">
                                        <p><location_mentioned>San Felipe</location_mentioned> <date_mentioned n="11-06-1826">November 6th 1826</date_mentioned></p>

<p><person_mentioned>Col S. F. Austin </person_mentioned> </p>                                           

<p>after a silence of several months, I deliberately Take up my pen to
Enquire of you your Feelings respecting my Geting Land in your
<location_mentioned>Colony </location_mentioned>I hope you may not Entertain The Feeling you seam to
Express when we Last Talked togeather I feel willing to believe
you do not as theare was some Wormth of Feeling Excited</p>

<p>I hope you will reconsider the Subject and give a more 
satisfactory reply whitch I shall ask of you on the reception of those
few lines Or so soon as is Convenient</p>

<p><person_mentioned>J. C. Payton</person_mentioned></p>


</div1>
</body>
</text>
</TEI.2>
