
<TEI.2 id="APB1278">
<project_title>Digital Stephen F. Austin Papers</project_title>
<project_editor>Andrew J. Torget</project_editor>

<document_creation>09-11-1826</document_creation>
<document_citation>Eugene Barker, ed., <hi rend="italic">Annual Report of the American Historical Association for the Year 1919: The Austin Papers</hi>, (Washington, D.C.: Government Printing Office, 1924), 3 vols., Vol 1, Part 2, pp. 1452</document_citation>
<document_language>English</document_language>
<document_status>Private</document_status>
<document_type>Letter</document_type>
<document_author>Stephen F. Austin</document_author>
<document_sender></document_sender>
<document_recipient>Jose Antonio Saucedo</document_recipient>
<document_title>Stephen F. Austin to Jose Antonio Saucedo, 09-11-1826</document_title>
<document_location>
	<sent_from>San Felipe de Austin, Texas</sent_from>
	<sent_to>Unknown</sent_to>
</document_location>
<barker_notes>
	<barker_summary>Austin to Saucedo, September 11, 1826. Discouragement of the colonists over  uncertainty  concerning  slavery.    Indians.</barker_summary>
	<barker_footnotes>Translations from Bexar Archives in Nacogdoches Archives, Texas State Library</barker_footnotes>
	<barker_citation>Eugene Barker, ed., <hi rend="italic">Annual Report of the American Historical Association for the Year 1919: The Austin Papers</hi>, (Washington, D.C.: Government Printing Office, 1924), 3 vols., Vol 1, Part 2, pp. 1452</barker_citation>
</barker_notes>
<document_digital_creation>07-12-2010</document_digital_creation>

<respStmt>
<resp>Project Director and Editor: </resp> 
<name>Andrew J. Torget</name>
<resp>Creation of XML version: </resp>
<name>Debbie Liles</name>
</respStmt>
</titleStmt>

<text id="APB1278T">

<body>
<div1 type="summary">
<p>Austin to Saucedo, September 11, 1826. Discouragement of the colonists over  uncertainty  concerning  slavery.    Indians.</p>
</div1>

<div1 type="body">

<p>I inclose to your <person_mentioned>Lordship </person_mentioned>an original letter of the <person_mentioned>Cherokee Chief
Richard Fields</person_mentioned>, informing me of the movements of the <person_mentioned>Comanches</person_mentioned>,
and other particulars.</p>

<p>I had already received, a few days since, a similar notice from a
<person_mentioned>Chickasaw Indian</person_mentioned>, and I am convinced that, <date_mentioned n="Fall - 1827">next fall</date_mentioned>, the <person_mentioned>Indians</person_mentioned>
will unite to make a grand effort upon the <location_mentioned>frontier </location_mentioned>particularly that
of <location_mentioned>Texas</location_mentioned>.</p>

<p>We are not well prepared here to resist an attack. <person_mentioned>More than one
half of these people</person_mentioned> are awaiting the decision of <person_mentiSoned>Congress </person_mentioned>in regard
to their <person_mentioned>slaves</person_mentioned>, as they intend to leave the <location_mentioned>Country </location_mentioned>if their 
emancipation is decreed. They are already making preparations for their
journey. The remainder of the <location_mentioned>settlers </location_mentioned>are so disheartened that they
have no energy to make an effort. Therefore, if the <person_mentioned>slaves </person_mentioned>are 
emancipated the <person_mentioned>government </person_mentioned>must not depend upon the assistance of this
<person_mentioned>militia</person_mentioned>. It is to be feared that the tardiness in making provisions
for the friendly <person_mentioned>Indians </person_mentioned>will dissatisfy them; which would be 
unfortunate, as 100 <person_mentioned>Cherokee warriors</person_mentioned> are decidedly superior to 500
<person_mentioned>Comanches</person_mentioned>.</p>

<p>God and Liberty.</p>

<p><person_mentioned>Stephen F. Austin</person_mentioned>.</p>

<p><location_mentioned>San Felipe de Austin</location_mentioned>, <date_mentioned n="09-11-1826">September 11th 1826.</date_mentioned></p>


</div1>
</body>
</text>
</TEI.2>
