
<TEI.2 id="APB1427">
<project_title>Digital Stephen F. Austin Papers</project_title>
<project_editor>Andrew J. Torget</project_editor>

<document_creation>07-08-1827</document_creation>
<document_citation>Eugene Barker, ed., <hi rend="italic">Annual Report of the American Historical Association for the Year 1919: The Austin Papers</hi>, (Washington, D.C.: Government Printing Office, 1924), 3 vols., Vol 1, Part 2, pp. 1673</document_citation>
<document_language>English</document_language>
<document_status>Private</document_status>
<document_type>Letter</document_type>
<document_author>Samuel A. Cartwright</document_author>
<document_sender>Doctor Lyman Cronkrite</document_sender>
<document_recipient>Ira Lewis</document_recipient>
<document_title>Samuel A. Cartwright to Ira Lewis, 07-08-1827</document_title>
<document_location>
	<sent_from>Natchez,Mississippi</sent_from>
	<sent_to>Unknown</sent_to>
</document_location>
<barker_notes>
	<barker_summary>Samuel A. Cartwright to Ira Lewis, July 8, 1827. Recommending a resident physician.</barker_summary>
	<barker_footnotes></barker_footnotes>
	<barker_citation>Eugene Barker, ed., <hi rend="italic">Annual Report of the American Historical Association for the Year 1919: The Austin Papers</hi>, (Washington, D.C.: Government Printing Office, 1924), 3 vols., Vol 1, Part 2, pp. 1673</barker_citation>
</barker_notes>
<document_digital_creation>07-26-2010</document_digital_creation>

<respStmt>
<resp>Project Director and Editor: </resp> 
<name>Andrew J. Torget</name>
<resp>Creation of XML version: </resp>
<name>Debbie Liles</name>
</respStmt>
</titleStmt>

<text id="APB1427T">

<body>
<div1 type="summary">
<p>Samuel A. Cartwright to Ira Lewis, July 8, 1827. Recommending a resident physician.</p>
</div1>

<div1 type="body">

<p><p><location_mentioned>Natchez </location_mentioned><date_mentioned n="07-08-1827">July 8th 1827</date_mentioned></p>
Dr. Sir</p>

<p>I have heard you express a wish to have a <person_mentioned>physician </person_mentioned>in the 
<location_mentioned>neighborhood </location_mentioned>of your <location_mentioned>plantation </location_mentioned>on the river. <person_mentioned>Doctor Lyman Cronkrite</person_mentioned>
the <person_mentioned>bearer </person_mentioned>of this is looking out for a situation to locate himself
as a practitioner of medicine. He has been recommended as a worthy
young man well qualified for the duties of his profession.</p>

<p><person_mentioned>Saml A Cartwright</person_mentioned></p>
<p>[Addressed:] <person_mentioned>Ira Lewis Esqr</person_mentioned></p>

</div1>
</body>
</text>
</TEI.2>
