
<TEI.2 id="APB1195">
<project_title>Digital Stephen F. Austin Papers</project_title>
<project_editor>Andrew J. Torget</project_editor>

<document_creation>07-15-1826</document_creation>
<document_citation>Eugene Barker, ed., <hi rend="italic">Annual Report of the American Historical Association for the Year 1919: The Austin Papers</hi>, (Washington, D.C.: Government Printing Office, 1924), 3 vols., Vol 1, Part 2, pp. 1371</document_citation>
<document_language>English</document_language>
<document_status>Private</document_status>
<document_type>Letter</document_type>
<document_author>S. C. Hirams</document_author>
<document_sender></document_sender>
<document_recipient>Stephen F. Austin</document_recipient>
<document_title>S. C. Hirams to Stephen F. Austin, 07-15-1826</document_title>
<document_location>
	<sent_from>Harrisburg, Texas</sent_from>
	<sent_to>Unknown</sent_to>
</document_location>
<barker_notes>
	<barker_summary>Samuel C. Hirams to Austin, Jul/ 15, 1826. Concerning building a house for Austin.</barker_summary>
	<barker_footnotes></barker_footnotes>
	<barker_citation>Eugene Barker, ed., <hi rend="italic">Annual Report of the American Historical Association for the Year 1919: The Austin Papers</hi>, (Washington, D.C.: Government Printing Office, 1924), 3 vols., Vol 1, Part 2, pp. 1371</barker_citation>
</barker_notes>
<document_digital_creation>06-22-2010</document_digital_creation>

<respStmt>
<resp>Project Director and Editor: </resp> 
<name>Andrew J. Torget</name>
<resp>Creation of XML version: </resp>
<name>Debbie Liles</name>
</respStmt>
</titleStmt>

<text id="APB1195T">

<body>
<div1 type="summary">
<p>Samuel C. Hirams to Austin, Jul/ 15, 1826. Concerning building a house for Austin.</p>
</div1>

<div1 type="body">

<p><location_mentioned>Harrisburg </location_mentioned><date_mentioned n="07-15-1826">July 15th 1826</date_mentioned></p>
<p>Dear Sir :</p>

<p>This will inform you that the <person_mentioned>sawyers </person_mentioned>that I calculated to send
you, before I returned had engaged another job of sawing, that
mite keep them two weeks longer, after which time I will send
them on.</p>

<p>In our calculation of the expence of building, we forgot to 
calculate the price of shingles, and putting them on. Let me here
from you the first oppertunity</p>

<p>My respects to <person_mentioned>Mj. Burnett</person_mentioned> and <person_mentioned>Mr Williams</person_mentioned>.</p>

<p><person_mentioned>Col S.F Austin</person_mentioned>                                 <person_mentioned> Saml C. Hirams</person_mentioned>    [Rubric]</p>


</div1>
</body>
</text>
</TEI.2>
