
<TEI.2 id="APB1794">
<project_title>Digital Stephen F. Austin Papers</project_title>
<project_editor>Andrew J. Torget</project_editor>

<document_creation>11-23-1829</document_creation>
<document_citation>Eugene Barker, ed., <hi rend="italic">Annual Report of the American Historical Association for the Year 1922: The Austin Papers</hi>, (Washington, D.C.: Government Printing Office, 1928), 3 vols., Vol 2, pp. 290</document_citation>
<document_language>Unknown</document_language>
<document_status>Private</document_status>
<document_type>Letter</document_type>
<document_author>John Austin</document_author>
<document_sender></document_sender>
<document_recipient>Hinton Curtis</document_recipient>
<document_title>John Austin to Hinton Curtis, 11-23-1829</document_title>
<document_location>
	<sent_from>Brasoria, Texas</sent_from>
	<sent_to>Unknown</sent_to>
</document_location>
<barker_notes>
	<barker_summary>John Austin to Hinton Curtis, November 23, 1829.   Receipt for beef.</barker_summary>
	<barker_footnotes></barker_footnotes>
	<barker_citation>Eugene Barker, ed., <hi rend="italic">Annual Report of the American Historical Association for the Year 1919: The Austin Papers</hi>, (Washington, D.C.: Government Printing Office, 1924), 3 vols., Vol 1, Part 2, pp. 290</barker_citation>
</barker_notes>
<document_digital_creation>08-16-2010</document_digital_creation>

<respStmt>
<resp>Project Director and Editor: </resp> 
<name>Andrew J. Torget</name>
<resp>Creation of XML version: </resp>
<name>Debbie Liles</name>
</respStmt>
</titleStmt>

<text id="APB1794T">

<body>
<div1 type="summary">
<p>John Austin to Hinton Curtis, November 23, 1829.   Receipt for beef.</p>
</div1>

<div1 type="body">

<p>Received from <person_mentioned>Mr. Hinton Curtis</person_mentioned> Six hundred and Thirteen
pounds Beef at three Dollars pr hundred pounds�on a/c of <person_mentioned>Stephen
F. Austin</person_mentioned> <date_mentioned n="11-23-1829">Novr 23rd 1829</date_mentioned></p>

<p><location_mentioned>Brasoria</location_mentioned>�                                               <person_mentioned> John Austin  </person_mentioned> [Rubric]</p>


</div1>
</body>
</text>
</TEI.2>
