
<TEI.2 id="APB1743">
<project_title>Digital Stephen F. Austin Papers</project_title>
<project_editor>Andrew J. Torget</project_editor>

<document_creation>07-30-1829</document_creation>
<document_citation>Eugene Barker, ed., <hi rend="italic">Annual Report of the American Historical Association for the Year 1922: The Austin Papers</hi>, (Washington, D.C.: Government Printing Office, 1928), 3 vols., Vol 2, pp. 243</document_citation>
<document_language>English</document_language>
<document_status>Private</document_status>
<document_type>Letter</document_type>
<document_author>Stephen F Austin</document_author>
<document_sender></document_sender>
<document_recipient>Israel Waters</document_recipient>
<document_title>Stephen F Austin to Israel Waters, 07-30-1829</document_title>
<document_location>
	<sent_from>Austin, Texas</sent_from>
	<sent_to>Unknown</sent_to>
</document_location>
<barker_notes>
	<barker_summary>Austin to Israel Waters, July 30, 1829. Thanking him for a bottle of rum distilled in Texas. Thinks the manufacture of spirits bound to develop in Texas. Would be opposed to it but for the fact that spirits will be imported if not made in Texas.</barker_summary>
	<barker_footnotes></barker_footnotes>
	<barker_citation>Eugene Barker, ed., <hi rend="italic">Annual Report of the American Historical Association for the Year 1919: The Austin Papers</hi>, (Washington, D.C.: Government Printing Office, 1924), 3 vols., Vol 1, Part 2, pp. 243</barker_citation>
</barker_notes>
<document_digital_creation>08-23-2010</document_digital_creation>

<respStmt>
<resp>Project Director and Editor: </resp> 
<name>Andrew J. Torget</name>
<resp>Creation of XML version: </resp>
<name>Debbie Liles</name>
</respStmt>
</titleStmt>

<text id="APB1743T">

<body>
<div1 type="summary">
<p>Austin to Israel Waters, July 30, 1829. Thanking him for a bottle of rum distilled in Texas. Thinks the manufacture of spirits bound to develop in Texas. Would be opposed to it but for the fact that spirits will be imported if not made in Texas.</p>
</div1>

<div1 type="body">

<p><location_mentioned>Austin</location_mentioned> <date_mentioned n="7-30-1829">July 30. 1829</date_mentioned></p>
<p><person_mentioned>Mr Israel waters</person_mentioned>.</p>

<p>sir I have recd your letter of <date_mentioned n="07-23-1829">23 int</date_mentioned>. together with a bottle of rum
made by you at<location_mentioned><person_mentioned> Mr. Martin Varner</person_mentioned>s</location_mentioned> this is the first ardent spirits
of any kind that was ever made in this <location_mentioned>colony</location_mentioned>, and I beleive it to be
the first that was ever made in <location_mentioned>Texas</location_mentioned>. The distillery of rum from
molasses is destined at no distant period to become a source of great
wealth to this <location_mentioned>country</location_mentioned>, for besides supplying the home consumption,
there will be a great and increasing surplus for exportation� As
the first who has attempted to establish a branch of industry which
must ultimately be the means of giving profitable imploy to 
thousands of <person_mentioned>hands </person_mentioned>and of drawing thousands of dollars into the 
<location_mentioned>country</location_mentioned>, <person_mentioned>Mr. Varner</person_mentioned> is certainly entitled to great credit for his entrprise�</p>

<p>Philanthropy cannot but weep at the incalculable mass of human
misery and degradation which the use of ardent spirits heaps upon
mankind, and were it possible to exclude it from our <location_mentioned>country </location_mentioned>for
ever, the first who attempted to introduce it would be ranked by
me on a level with the fiend who first introduced sin into the <location_mentioned>garden
of Eden</location_mentioned>, but like sin, the use of spirits pervades the whole <location_mentioned>civilised
world</location_mentioned>, (<person_mentioned>savages </person_mentioned>and <person_mentioned>barbarians </person_mentioned>are not sufficiently civilized to 
brutalise in this refined way) and Philanthopy has no consolation, other
than that derivable from the hope that the sound judgement and
moral rectitude of man will restrain the use of spirits to proper and
safe limits.</p>

<p>I am therefore not displeased to see this branch of business 
commenced. Spirits will be imported and if not manufactured in the
<location_mentioned>country</location_mentioned>, money will be sent out to import it, and it is better that the
money which is thrown away by the drunken and worthless part of
our <person_mentioned>citizens </person_mentioned>should go into the pockets of our own distillers, than
into the pockets of <person_mentioned>foreigners</person_mentioned></p>

<p>For these reasons I accept of the present of the bottle of Rum
which you have sent me, and in return wish <person_mentioned>Mr Varner</person_mentioned> and yourself
success and prosperity in your <location_mentioned>distillery</location_mentioned></p>

<p><person_mentioned>Stephen F. Austin</person_mentioned></p>
</div1>
</body>
</text>
</TEI.2>
