
<TEI.2 id="APB1007">
<project_title>Digital Stephen F. Austin Papers</project_title>
<project_editor>Andrew J. Torget</project_editor>

<document_creation>01-11-1825</document_creation>
<document_citation>Eugene Barker, ed., <hi rend="italic">Annual Report of the American Historical Association for the Year 1919: The Austin Papers</hi>, (Washington, D.C.: Government Printing Office, 1924), 3 vols., Vol 1, Part 2, pp. 1014-1015</document_citation>
<document_language>English</document_language>
<document_status>Private</document_status>
<document_type>Letter</document_type>
<document_author>John P. Coles</document_author>
<document_sender></document_sender>
<document_recipient>Stephen F. Austin</document_recipient>
<document_title>John P. Coles to Stephen F. Austin, 01-11-1825</document_title>
<document_location>
	<sent_from>Unknown</sent_from>
	<sent_to>San Felipe de Austin, Texas</sent_to>
</document_location>
<barker_notes>
	<barker_summary>John P. Coles to Austin, January 11, 1825. Judicial business. Complicated
trading.   Character of James Gaines.
</barker_summary>
	<barker_footnotes>1.  See Gaines to Austin, November 1, 1824.</barker_footnotes>
	<barker_citation>Eugene Barker, ed., <hi rend="italic">Annual Report of the American Historical Association for the Year 1919: The Austin Papers</hi>, (Washington, D.C.: Government Printing Office, 1924), 3 vols., Vol 1, Part 2, pp. 1014-1015</barker_citation>
</barker_notes>
<document_digital_creation>05-22-1825</document_digital_creation>

<respStmt>
<resp>Project Director and Editor: </resp> 
<name>Andrew J. Torget</name>
<resp>Creation of XML version: </resp>
<name>Debbie Liles</name>
</respStmt>
</titleStmt>

<text id="APB1007T">

<body>
<div1 type="summary">
<p>John P. Coles to Austin, January 11, 1825. Judicial business. Complicated
trading.   Character of James Gaines.
</p>
</div1>

<div1 type="body">
<p><date_mentioned n="01-11-1825">January 11th 1825</date_mentioned></p>
<p>Dear Sir</p>

<p>I recd your of the <date_mentioned n="01-06-1825">6th</date_mentioned> Instant and Enclosed I found <person_mentioned>Gaines</person_mentioned> letter
as Respects the Horse <person_mentioned>Mitchial</person_mentioned> let him [have] at my <location_mentioned>House </location_mentioned>in my
absence with a request that I should try and pay <person_mentioned>Gaines </person_mentioned>with the
Horse and if <person_mentioned>Gaines</person_mentioned> did not take the Horse to pay <person_mentioned>Gaines</person_mentioned> myself
and keep the Horse and If I did not want the Horse he would
pay me some other way and take Back the Horse However 
when <person_mentioned>Gaines</person_mentioned> Returned from <location_mentioned>Saint Antonio</location_mentioned> I told him of the Horse
he said he would take him But we could not find the Horse and
consequently believed he had been stolen by some <person_mentioned>Spaniards</person_mentioned> who had
passed when the Horse Ran <date_mentioned n="01-09-1825">sunday </date_mentioned>after I found the Horse and
had him valued Intending to dispose of him as he was 
Troublesome and constantly trying to Run of he was supposed by <person_mentioned>Byrd</person_mentioned>
<person_mentioned>Capt Jones</person_mentioned> and others to be worth five or six dollars in cash I
then saw <person_mentioned>Mitchal</person_mentioned> and Told him the Horse would not pay his debt
to <person_mentioned>Gains</person_mentioned> which was $12�   he observed he did not know how he<barker_pb n="1015"/>
should pay it I then Told him I would take the Horse and pay
<person_mentioned>Gains</person_mentioned> for him which he Readily agreed to this was the first time
I have seen <person_mentioned>Mitchal</person_mentioned> from the time <person_mentioned>Gains</person_mentioned> left the account with me and
as to his having any claims to the Horse or ever seeing the Horse
or my ever Receiving the Horse for him or agreeing to send the
Horse or any thing Else to him is a palpable Lye for he has my
Receipt and I never should send him any thing Untill my Receipt
was presented he Requested me to Collect those debts and Receive
Land office money in payment the 12$ which I promised to pay
for<person_mentioned> Mitchal</person_mentioned> is Ready when my Receipt is presented as Respects
<person_mentioned>Hall</person_mentioned>s Business and <person_mentioned>Roberson</person_mentioned>'s and <person_mentioned>Gaynes</person_mentioned> you will find inclosed
the original account in favour of <person_mentioned>Gaynes</person_mentioned> for $14.25 protested by <person_mentioned>Roberson</person_mentioned> and an affidavit of <person_mentioned>J W Hall</person_mentioned> on the Back of said account proving
the sum of fourteen Dollars and 25 cts paid to<person_mentioned> Gaynes</person_mentioned> by him for
<person_mentioned>Roberson</person_mentioned> as also you will find <person_mentioned>Lewis Holloway</person_mentioned>s deposition in the
case the petition and affidavit of Hall and Executn and attachment you will discover from <person_mentioned>Hall</person_mentioned>s affidavit that he claimed four-
teen Dollars and 25 cts in cash and had it not been for an arrangement which I made with <person_mentioned>Hall</person_mentioned> myself in Order to favor <person_mentioned>Gaynes</person_mentioned>
the sum which payed the debt would not have paid the One forth
part of it there is an account now in my office for $9�Dollars
which is Similar to the above It is claimed by <person_mentioned>Roberson</person_mentioned> and
proven by <person_mentioned>Holloway</person_mentioned> to have been passed by <person_mentioned>Roberson</person_mentioned> for <person_mentioned >Hall</person_mentioned>
to <person_mentioned>Gaines</person_mentioned> and afterwards paid by <person_mentioned>Hall</person_mentioned> <person_mentioned>Roberson</person_mentioned> has been petitioned for an attachment in that case against <person_mentioned>Gains</person_mentioned> but I have
still put him of upon the whole they are I fear a dambed sett of
<person_mentioned>Rascals </person_mentioned>and <person_mentioned>Gaynes</person_mentioned> the worst of all</p>

<p><person_mentioned>Jno P. Coles</person_mentioned>    [Rubric]
</p>
<p>[Addressed:] <person_mentioned>S. F. Austin Political Chief, and Judge</person_mentioned> of the 
<location_mentioned>Colony San F D Austin</location_mentioned>

</p>
</div1>
</body>
</text>
</TEI.2>
