
<TEI.2 id="APB1651">
<project_title>Digital Stephen F. Austin Papers</project_title>
<project_editor>Andrew J. Torget</project_editor>

<document_creation>12-05-1828</document_creation>
<document_citation>Eugene Barker, ed., <hi rend="italic">Annual Report of the American Historical Association for the Year 1922: The Austin Papers</hi>, (Washington, D.C.: Government Printing Office, 1928), 3 vols., Vol 2, pp. 151</document_citation>
<document_language>Unknown</document_language>
<document_status>Private</document_status>
<document_type>Letter</document_type>
<document_author>Unknown</document_author>
<document_sender></document_sender>
<document_recipient>Stephen F Austin and Rufus Stone</document_recipient>
<document_title>Unknown to Stephen F Austin and Rufus Stone, 12-05-1828</document_title>
<document_location>
	<sent_from>Unknown</sent_from>
	<sent_to>Unknown</sent_to>
</document_location>
<barker_notes>
	<barker_summary>Austin and Rufus Stone, December 5, 1828. Agreement concerning exploitation of a mine.    (Omitted.)</barker_summary>
	<barker_footnotes></barker_footnotes>
	<barker_citation>Eugene Barker, ed., <hi rend="italic">Annual Report of the American Historical Association for the Year 1919: The Austin Papers</hi>, (Washington, D.C.: Government Printing Office, 1924), 3 vols., Vol 1, Part 2, pp. 151</barker_citation>
</barker_notes>
<document_digital_creation>08-08-2010</document_digital_creation>

<respStmt>
<resp>Project Director and Editor: </resp> 
<name>Andrew J. Torget</name>
<resp>Creation of XML version: </resp>
<name>Debbie Liles</name>
</respStmt>
</titleStmt>

<text id="APB1651T">

<body>
<div1 type="summary">
<p>Austin and Rufus Stone, December 5, 1828. Agreement concerning exploitation of a mine.    (Omitted.)</p>
</div1>

<div1 type="body">

<p><date_mentioned n="12-05-1828">December 5, 1828.</date_mentioned></p>
<p> See Calendar.</p>

</div1>
</body>
</text>
</TEI.2>
