
<TEI.2 id="APB1599">
<project_title>Digital Stephen F. Austin Papers</project_title>
<project_editor>Andrew J. Torget</project_editor>

<document_creation>08-xx-1828</document_creation>
<document_citation>Eugene Barker, ed., <hi rend="italic">Annual Report of the American Historical Association for the Year 1922: The Austin Papers</hi>, (Washington, D.C.: Government Printing Office, 1928), 3 vols., Vol 2, pp. 96</document_citation>
<document_language>Unknown</document_language>
<document_status>Unknown</document_status>
<document_type>Unknown</document_type>
<document_author>Stephen F Austin</document_author>
<document_sender></document_sender>
<document_recipient>Unknown</document_recipient>
<document_title>Stephen F Austin to Unknown, 08-xx-1828</document_title>
<document_location>
	<sent_from>Unknown</sent_from>
	<sent_to>Unknown</sent_to>
</document_location>
<barker_notes>
	<barker_summary>Austin to---------, August �, 1828.   Geographical description of Texas, present population, agricultural statistics, social conditions.</barker_summary>
	<barker_footnotes>This article was subsequently attached by Austin to a section of his map of Texas.
There is a copy also in a clipping, without date, from the Galveston News.
</barker_footnotes>
	<barker_citation>Eugene Barker, ed., <hi rend="italic">Annual Report of the American Historical Association for the Year 1919: The Austin Papers</hi>, (Washington, D.C.: Government Printing Office, 1924), 3 vols., Vol 1, Part 2, pp. 96</barker_citation>
</barker_notes>
<document_digital_creation>08-07-2010</document_digital_creation>

<respStmt>
<resp>Project Director and Editor: </resp> 
<name>Andrew J. Torget</name>
<resp>Creation of XML version: </resp>
<name>Debbie Liles</name>
</respStmt>
</titleStmt>

<text id="APB1599T">

<body>
<div1 type="summary">
<p>Austin to---------, August �, 1828.   Geographical description of Texas, present population, agricultural statistics, social conditions.</p>
</div1>

<div1 type="body">

<p><date_mentioned n="08-xx-1828">August, 1828.</date_mentioned></p>
<p>See Calendar.</p>

</div1>
</body>
</text>
</TEI.2>
