
<TEI.2 id="APB1726">
<project_title>Digital Stephen F. Austin Papers</project_title>
<project_editor>Andrew J. Torget</project_editor>

<document_creation>06-10-2010</document_creation>
<document_citation>Eugene Barker, ed., <hi rend="italic">Annual Report of the American Historical Association for the Year 1922: The Austin Papers</hi>, (Washington, D.C.: Government Printing Office, 1928), 3 vols., Vol 2, pp. 223</document_citation>
<document_language>Spanish</document_language>
<document_status>Private</document_status>
<document_type>Letter</document_type>
<document_author>Stephen F Austin</document_author>
<document_sender></document_sender>
<document_recipient>Secretary of War and Marine</document_recipient>
<document_title>Stephen F Austin to Secretary of War and Marine, 06-10-2010</document_title>
<document_location>
	<sent_from>San Felipe de Austin, Texas</sent_from>
	<sent_to>Unknown</sent_to>
</document_location>
<barker_notes>
	<barker_summary>Austin to Secretary of War and Marine, June 10, 1829. Acknowledging thanks of the Secretary for services of the colonists in defending the coast from the Spaniards.    (Omitted.)</barker_summary>
	<barker_footnotes></barker_footnotes>
	<barker_citation>Eugene Barker, ed., <hi rend="italic">Annual Report of the American Historical Association for the Year 1919: The Austin Papers</hi>, (Washington, D.C.: Government Printing Office, 1924), 3 vols., Vol 1, Part 2, pp. 223</barker_citation>
</barker_notes>
<document_digital_creation>08-12-2010</document_digital_creation>

<respStmt>
<resp>Project Director and Editor: </resp> 
<name>Andrew J. Torget</name>
<resp>Creation of XML version: </resp>
<name>Debbie Liles</name>
</respStmt>
</titleStmt>

<text id="APB1726T">

<body>
<div1 type="summary">
<p>Austin to Secretary of War and Marine, June 10, 1829. Acknowledging thanks of the Secretary for services of the colonists in defending the coast from the Spaniards.    (Omitted.)</p>
</div1>

<div1 type="body">

<p>[San Felipe] <date_mentioned n="06-10-1829">June 10,1829.</date_mentioned></p>
<p>See Calendar</p>

</div1>
</body>
</text>
</TEI.2>
