
<TEI.2 id="APB1009">
<project_title>Digital Stephen F. Austin Papers</project_title>
<project_editor>Andrew J. Torget</project_editor>

<document_creation>01-11-1825</document_creation>
<document_citation>Eugene Barker, ed., <hi rend="italic">Annual Report of the American Historical Association for the Year 1919: The Austin Papers</hi>, (Washington, D.C.: Government Printing Office, 1924), 3 vols., Vol 1, Part 2, pp. 1016</document_citation>
<document_language>English</document_language>
<document_status>Private</document_status>
<document_type>Letter</document_type>
<document_author>Rawson Alley</document_author>
<document_sender></document_sender>
<document_recipient>Stephen F. Austin</document_recipient>
<document_title>Rawson Alley to Stephen F. Austin, 01-11-1825</document_title>
<document_location>
	<sent_from>Unknown</sent_from>
	<sent_to>Unknown</sent_to>
</document_location>
<barker_notes>
	<barker_summary>Rawson Alley to Austin, January 11, 1825.   Land business.</barker_summary>
	<barker_footnotes></barker_footnotes>
	<barker_citation>Eugene Barker, ed., <hi rend="italic">Annual Report of the American Historical Association for the Year 1919: The Austin Papers</hi>, (Washington, D.C.: Government Printing Office, 1924), 3 vols., Vol 1, Part 2, pp. 1016</barker_citation>
</barker_notes>
<document_digital_creation>05-22-1825</document_digital_creation>

<respStmt>
<resp>Project Director and Editor: </resp> 
<name>Andrew J. Torget</name>
<resp>Creation of XML version: </resp>
<name>Debbie Liles</name>
</respStmt>
</titleStmt>

<text id="APB1009T">

<body>
<div1 type="summary">
<p>Rawson Alley to Austin, January 11, 1825.   Land business.</p>
</div1>

<div1 type="body">

<p><person_mentioned>Col. Stephen F Austin</person_mentioned>.</p>

<p>I send you the returns, of the <location_mentioned>Land below Eagle Lake</location_mentioned> with the
amount of the Surveying of Each League Set down on the back of
the return, which I would be glad you would receive, if the <person_mentioned>locaters</person_mentioned>
have property that suits you, and credit my account with the same.
I was mistaken some in the Quantity of Land in the <location_mentioned>13th and 14th
Leagues </location_mentioned>there was no more than the common Quantity with out
takeing in the <location_mentioned>Lake</location_mentioned> and a Larger portion of the <location_mentioned>prairie</location_mentioned> than usual
give <person_mentioned>Andrew </person_mentioned> and <person_mentioned>Thomas Rabb</person_mentioned> their Deeds if they want them I
have made an arrangement for the Surveying with them if they want
to know the amount of Surveying $129 is the amount of the <location_mentioned>8th and
9th Leagues
</location_mentioned></p>
<p><person_mentioned>R. Alley</person_mentioned>   [Rubric]

</p>
</div1>
</body>
</text>
</TEI.2>
