
<TEI.2 id="APB1057">
<project_title>Digital Stephen F. Austin Papers</project_title>
<project_editor>Andrew J. Torget</project_editor>

<document_creation>03-05-1825</document_creation>
<document_citation>Eugene Barker, ed., <hi rend="italic">Annual Report of the American Historical Association for the Year 1919: The Austin Papers</hi>, (Washington, D.C.: Government Printing Office, 1924), 3 vols., Vol 1, Part 2, pp. 1054-1055</document_citation>
<document_language>English</document_language>
<document_status>Public</document_status>
<document_type>Public Notice concerning Land Office money</document_type>
<document_author>Stephen F. Austin</document_author>
<document_sender></document_sender>
<document_recipient>Colonists(</document_recipient>
<document_title>Stephen F. Austin to Colonists, 03-05-1825</document_title>
<document_location>
	<sent_from>San Felipe de Austin, Texas</sent_from>
	<sent_to>Unknown</sent_to>
</document_location>
<barker_notes>
	<barker_summary>Austin to his colonists, March 5, 1825    Concerning Land Office money.</barker_summary>
	<barker_footnotes></barker_footnotes>
	<barker_citation>Eugene Barker, ed., <hi rend="italic">Annual Report of the American Historical Association for the Year 1919: The Austin Papers</hi>, (Washington, D.C.: Government Printing Office, 1924), 3 vols., Vol 1, Part 2, pp. 1054-1055</barker_citation>
</barker_notes>
<document_digital_creation>05-31-2010</document_digital_creation>

<respStmt>
<resp>Project Director and Editor: </resp> 
<name>Andrew J. Torget</name>
<resp>Creation of XML version: </resp>
<name>Debbie Liles</name>
</respStmt>
</titleStmt>

<text id="APB1057T">

<body>
<div1 type="summary">
<p>Austin to his colonists, March 5, 1825    Concerning Land Office money.</p>
</div1>

<div1 type="body">

<p>public notice</p>

<p>Is hereby given that in future the orders drawn on me by the
<person_mentioned>Surveyors</person_mentioned> and accepted commonly called <location_mentioned>Land Office</location_mentioned> Money will only
be received in discharge of debts due by the <person_mentioned>Settlers</person_mentioned> for the surveying<barker_pb n="1055"/>
or other expences on their <location_mentioned>Lands </location_mentioned>and that I will not be accountable
for the payment of such orders in any other way,    all persons who
hold any of the above paper are notified to present it without delay.</p>
<p><location_mentioned>San Felipe de Austin</location_mentioned> <date_mentioned n="03-05-1825">5th March 1825
</date_mentioned></p>
<p><person_mentioned>Stephen F. Austin    [Rubric]</person_mentioned></p>


</div1>
</body>
</text>
</TEI.2>
