
<TEI.2 id="APB1166">
<project_title>Digital Stephen F. Austin Papers</project_title>
<project_editor>Andrew J. Torget</project_editor>

<document_creation>05-28-1826</document_creation>
<document_citation>Eugene Barker, ed., <hi rend="italic">Annual Report of the American Historical Association for the Year 1919: The Austin Papers</hi>, (Washington, D.C.: Government Printing Office, 1924), 3 vols., Vol 1, Part 2, pp. 1348</document_citation>
<document_language>English</document_language>
<document_status>Private</document_status>
<document_type>Letter</document_type>
<document_author>S. A. Anderson</document_author>
<document_sender></document_sender>
<document_recipient>Stephen F. Austin</document_recipient>
<document_title>S. A. Anderson to Stephen F. Austin, 05-28-1826</document_title>
<document_location>
	<sent_from>Colorado, Texas</sent_from>
	<sent_to>Unknown</sent_to>
</document_location>
<barker_notes>
	<barker_summary>S. A. Anderson to Austin, May 28, 1826   Payments for land.    Indians.</barker_summary>
	<barker_footnotes></barker_footnotes>
	<barker_citation>Eugene Barker, ed., <hi rend="italic">Annual Report of the American Historical Association for the Year 1919: The Austin Papers</hi>, (Washington, D.C.: Government Printing Office, 1924), 3 vols., Vol 1, Part 2, pp. 1348</barker_citation>
</barker_notes>
<document_digital_creation>06-20-2010</document_digital_creation>

<respStmt>
<resp>Project Director and Editor: </resp> 
<name>Andrew J. Torget</name>
<resp>Creation of XML version: </resp>
<name>Debbie Liles</name>
</respStmt>
</titleStmt>

<text id="APB1166T">

<body>
<div1 type="summary">
<p>S. A. Anderson to Austin, May 28, 1826   Payments for land.    Indians.</p>
</div1>

<div1 type="body">

<p><location_mentioned>Colorado</location_mentioned> <date_mentioned n="05-28-1826">May 28th 1826</date_mentioned></p>
<p><person_mentioned>Coln Austin</person_mentioned></p>

<p>sir</p>

<p>Since I arrived heare I have not had an opportunity of going over
to see you respecting the payment of my <location_mentioned>land </location_mentioned>and we consider our
force so week that many of us cant leave the fort at a time but as
soon as I can I will be over to see you,�I have made arrangements in
<location_mentioned>Allexandria </location_mentioned>for the payment of my note by Draught if you think
proper if not I will send on immediately after the money that is as
soon as times will permit but I had rather had an indulgence till
the ishue of the war as; if I cant go home this <date_mentioned n="Fall - 1826">faull </date_mentioned>I wish to return
to <location_mentioned>the states</location_mentioned></p>

<p><person_mentioned>S. A. Anderson</person_mentioned></p>

<p>N. B. I send you by <person_mentioned>Mr. George Duty</person_mentioned> a Bill for thirty Dollars
in land or trade please to give me a credit on my Note for what it
calls for in cash etc., etc</p>

______                                  <p><person_mentioned>S. A. A</person_mentioned>.</p>

</div1>
</body>
</text>
</TEI.2>
