
<TEI.2 id="APB1277">
<project_title>Digital Stephen F. Austin Papers</project_title>
<project_editor>Andrew J. Torget</project_editor>

<document_creation>09-06-1826</document_creation>
<document_citation>Eugene Barker, ed., <hi rend="italic">Annual Report of the American Historical Association for the Year 1919: The Austin Papers</hi>, (Washington, D.C.: Government Printing Office, 1924), 3 vols., Vol 1, Part 2, pp. 09-06-1826</document_citation>
<document_language>English</document_language>
<document_status>Private</document_status>
<document_type>Letter</document_type>
<document_author>Littleberry Hawkins</document_author>
<document_sender></document_sender>
<document_recipient>Stephen F. Austin</document_recipient>
<document_title>Littleberry Hawkins to Stephen F. Austin, 09-06-1826</document_title>
<document_location>
	<sent_from>Lexington, Kentucky</sent_from>
	<sent_to>Unknown</sent_to>
</document_location>
<barker_notes>
	<barker_summary>Littleberry Hawkins to Austin, September 6, 1826. Asking for best mail route to Texas.</barker_summary>
	<barker_footnotes></barker_footnotes>
	<barker_citation>Eugene Barker, ed., <hi rend="italic">Annual Report of the American Historical Association for the Year 1919: The Austin Papers</hi>, (Washington, D.C.: Government Printing Office, 1924), 3 vols., Vol 1, Part 2, pp. 09-06-1826</barker_citation>
</barker_notes>
<document_digital_creation>07-12-2010</document_digital_creation>

<respStmt>
<resp>Project Director and Editor: </resp> 
<name>Andrew J. Torget</name>
<resp>Creation of XML version: </resp>
<name>Debbie Liles</name>
</respStmt>
</titleStmt>

<text id="APB1277T">

<body>
<div1 type="summary">
<p>Littleberry Hawkins to Austin, September 6, 1826. Asking for best mail route to Texas.</p>
</div1>

<div1 type="body">

<p><location_mentioned>Lexington </location_mentioned><date_mentioned n="09-06-1826">Sept. 6. 1826</date_mentioned></p>
<p>DSir</p>

<p>If You will inform me What is the mode or rout By Post if any
established I can get Papers and letters to You I can at all times
furnish You with something interesting I regret that the Notice of
the <person_mentioned>Col</person_mentioned>. starting was so short and would have written You more
fully</p>

<p>Your friend                                                           <person_mentioned>L Hawkins</person_mentioned></p>


</div1>
</body>
</text>
</TEI.2>
