
<TEI.2 id="APB1517">
<project_title>Digital Stephen F. Austin Papers</project_title>
<project_editor>Andrew J. Torget</project_editor>

<document_creation>03-28-1828</document_creation>
<document_citation>Eugene Barker, ed., <hi rend="italic">Annual Report of the American Historical Association for the Year 1922: The Austin Papers</hi>, (Washington, D.C.: Government Printing Office, 1928), 3 vols., Vol 2, pp. 28</document_citation>
<document_language>Unknown</document_language>
<document_status>Unknown</document_status>
<document_type>Unknown</document_type>
<document_author>Silas Fuqua</document_author>
<document_sender></document_sender>
<document_recipient>Stephen F Austin</document_recipient>
<document_title>Silas Fuqua to Stephen F Austin, 03-28-1828</document_title>
<document_location>
	<sent_from>Brazos, Texas</sent_from>
	<sent_to>Unknown</sent_to>
</document_location>
<barker_notes>
	<barker_summary>Silas Fuqua to Austin, March 28, 1828. Expressing satisfaction with Texas and asking for assistance and information.   (Omitted.)</barker_summary>
	<barker_footnotes></barker_footnotes>
	<barker_citation>Eugene Barker, ed., <hi rend="italic">Annual Report of the American Historical Association for the Year 1919: The Austin Papers</hi>, (Washington, D.C.: Government Printing Office, 1924), 3 vols., Vol 1, Part 2, pp. 28</barker_citation>
</barker_notes>
<document_digital_creation>07-31-2010</document_digital_creation>

<respStmt>
<resp>Project Director and Editor: </resp> 
<name>Andrew J. Torget</name>
<resp>Creation of XML version: </resp>
<name>Debbie Liles</name>
</respStmt>
</titleStmt>

<text id="APB1517T">

<body>
<div1 type="summary">
<p>Silas Fuqua to Austin, March 28, 1828. Expressing satisfaction with Texas and asking for assistance and information.   (Omitted.)</p>
</div1>

<div1 type="body">

<p><location_mentioned>Brazos </location_mentioned><date_mentioned n="03-28-1828">March 28, 1828</date_mentioned></p>
<p>See Calendar.</p>

</div1>
</body>
</text>
</TEI.2>
