
<TEI.2 id="APB1201">
<project_title>Digital Stephen F. Austin Papers</project_title>
<project_editor>Andrew J. Torget</project_editor>

<document_creation>07-17-1826</document_creation>
<document_citation>Eugene Barker, ed., <hi rend="italic">Annual Report of the American Historical Association for the Year 1919: The Austin Papers</hi>, (Washington, D.C.: Government Printing Office, 1924), 3 vols., Vol 1, Part 2, pp. 1374</document_citation>
<document_language>English</document_language>
<document_status>Private</document_status>
<document_type>Letter</document_type>
<document_author>Stephen F. Austin</document_author>
<document_sender></document_sender>
<document_recipient>Jose Antonio Saucedo</document_recipient>
<document_title>Stephen F. Austin to Jose Antonio Saucedo, 07-17-1826</document_title>
<document_location>
	<sent_from>San Felipe de Austin, Texas</sent_from>
	<sent_to>Unknown</sent_to>
</document_location>
<barker_notes>
	<barker_summary>Austin to Saucedo, July 17, 1826. Reporting attack on Gonzales by Comanche and Tahuacano Indians.</barker_summary>
	<barker_footnotes>Translations from Bexar Archives in Nacogdoches Archive, Texas State Library.</barker_footnotes>
	<barker_citation>Eugene Barker, ed., <hi rend="italic">Annual Report of the American Historical Association for the Year 1919: The Austin Papers</hi>, (Washington, D.C.: Government Printing Office, 1924), 3 vols., Vol 1, Part 2, pp. 1374</barker_citation>
</barker_notes>
<document_digital_creation>06-23-2010</document_digital_creation>

<respStmt>
<resp>Project Director and Editor: </resp> 
<name>Andrew J. Torget</name>
<resp>Creation of XML version: </resp>
<name>Debbie Liles</name>
</respStmt>
</titleStmt>

<text id="APB1201T">

<body>
<div1 type="summary">
<p>Austin to Saucedo, July 17, 1826. Reporting attack on Gonzales by Comanche and Tahuacano Indians.</p>
</div1>

<div1 type="body">

<p>I conceive it to be my duty to inform your <person_mentioned>Lordship</person_mentioned>, that, a few
days since, a parcy of about sixty <person_mentioned>Comanche </person_mentioned>and <person_mentioned>Tahuacano Indians</person_mentioned>,
visited the <location_mentioned>settlement </location_mentioned>of the <person_mentioned>Empresario, Green De Witt</person_mentioned>. In the
town of <location_mentioned>Gonzales </location_mentioned>in the <location_mentioned>Guadalupe</location_mentioned>, they <person_mentioned>killed </person_mentioned>one man and <person_mentioned>wounded</person_mentioned>
another; they destroyed all the furniture of <location_mentioned><person_mentioned>Mr Kerr</person_mentioned>'s house</location_mentioned>, and
stole all the horses they could find. The <person_mentioned>settlers </person_mentioned>retreated to this
<location_mentioned>Colony</location_mentioned>, not knowing what to do; they had a certain quantity of corn
sowed, and, but for this unfortunate occurrence, their <location_mentioned>Colony </location_mentioned>would
be in a very thriving condition.</p>

<p><person_mentioned>Mr Kerr</person_mentioned> was absent at the time; so soon as he heard of it he 
returned to <location_mentioned>Gonzales </location_mentioned>with a <person_mentioned>party </person_mentioned>of men from <location_mentioned>Colorado</location_mentioned>. The 
<person_mentioned>Indians </person_mentioned>have disappeared, and he writes to me that he will shortly go to
<location_mentioned>Bexar</location_mentioned>, to make his report to your <person_mentioned>Lordship</person_mentioned>, in person.</p>

<p>God and Liberty</p>

<p><person_mentioned>Stephen F. Austin</person_mentioned>.</p>

<p><location_mentioned>San Felipe de Austin</location_mentioned>, <date_mentioned n="07-17-1826">July 17th, 1826</date_mentioned>.</p>

</div1>
</body>
</text>
</TEI.2>
