
<TEI.2 id="APB1275">
<project_title>Digital Stephen F. Austin Papers</project_title>
<project_editor>Andrew J. Torget</project_editor>

<document_creation>09-06-1826</document_creation>
<document_citation>Eugene Barker, ed., <hi rend="italic">Annual Report of the American Historical Association for the Year 1919: The Austin Papers</hi>, (Washington, D.C.: Government Printing Office, 1924), 3 vols., Vol 1, Part 2, pp. 1450-1451</document_citation>
<document_language>English</document_language>
<document_status>Private</document_status>
<document_type>Letter</document_type>
<document_author>Littleberry Hawkins</document_author>
<document_sender></document_sender>
<document_recipient>Stephen F. Austin</document_recipient>
<document_title>Littleberry Hawkins to Stephen F. Austin, 09-06-1826</document_title>
<document_location>
	<sent_from>Lexington, Kentucky</sent_from>
	<sent_to>Unknown</sent_to>
</document_location>
<barker_notes>
	<barker_summary>Littleberry Hawkins to Austin, September 6, 1826. Publishes description of Texas in Kentucky papers.    Interest in Texas.    Santa F� trade.</barker_summary>
	<barker_footnotes></barker_footnotes>
	<barker_citation>Eugene Barker, ed., <hi rend="italic">Annual Report of the American Historical Association for the Year 1919: The Austin Papers</hi>, (Washington, D.C.: Government Printing Office, 1924), 3 vols., Vol 1, Part 2, pp. 1450-1451</barker_citation>
</barker_notes>
<document_digital_creation>07-12-2010</document_digital_creation>

<respStmt>
<resp>Project Director and Editor: </resp> 
<name>Andrew J. Torget</name>
<resp>Creation of XML version: </resp>
<name>Debbie Liles</name>
</respStmt>
</titleStmt>

<text id="APB1275T">

<body>
<div1 type="summary">
<p>Littleberry Hawkins to Austin, September 6, 1826. Publishes description of Texas in Kentucky papers.    Interest in Texas.    Santa F� trade.</p>
</div1>

<div1 type="body">

<p><location_mentioned>Lexington </location_mentioned><date_mentioned n="09-06-1826">6 Sept 1826</date_mentioned></p>
<p><person_mentioned>Stephen F Austin Esq</person_mentioned></p>

<p>We keep continually published in the <location_mentioned>Papers </location_mentioned>some interesting
discriptions of the <location_mentioned>Country </location_mentioned>and shall Continue to do so the best
description of the <location_mentioned>Country </location_mentioned>has been lately published in the <location_mentioned>Argus</location_mentioned>
Signed by <person_mentioned>Smith </person_mentioned>also a good description signed by <person_mentioned>Lewis </person_mentioned>I have
seen <person_mentioned>Doct Koman</person_mentioned> who lately returned   he speaks well of the Coun-<barker_pb n="1451"/>
try any descriptions that you would have furnished to me shall be
published at all times in great Henly(?) the Stage is Starting
they are Not making as much Noise about the trade from <location_mentioned>Missouri</location_mentioned>
to <location_mentioned>Santefee </location_mentioned>as formerly which makes in favor of your <location_mentioned>Grant</location_mentioned>
<location_mentioned>Mclain </location_mentioned>will say to You what is excitement in this <location_mentioned>State </location_mentioned>as to 
emigration and give You the Knews generally</p>
<p>Your friend</p>

<p><person_mentioned>L H [Littleberry Hawkins,]</person_mentioned></p>

</div1>
</body>
</text>
</TEI.2>
