
<TEI.2 id="APB1475">
<project_title>Digital Stephen F. Austin Papers</project_title>
<project_editor>Andrew J. Torget</project_editor>

<document_creation>01-07-1828</document_creation>
<document_citation>Eugene Barker, ed., <hi rend="italic">Annual Report of the American Historical Association for the Year 1922: The Austin Papers</hi>, (Washington, D.C.: Government Printing Office, 1928), 3 vols., Vol 2, pp. 4</document_citation>
<document_language>Spanish</document_language>
<document_status>Private</document_status>
<document_type>Letter</document_type>
<document_author>Stephen F. Austin</document_author>
<document_sender></document_sender>
<document_recipient>Ramon Musquiz(</document_recipient>
<document_title>Stephen F. Austin to Ramon Musquiz, 01-07-1828</document_title>
<document_location>
	<sent_from>San Felipe de Austin, Texas</sent_from>
	<sent_to>Unknown</sent_to>
</document_location>
<barker_notes>
	<barker_summary>Austin to Ramon Musquiz, January 7, 1828. Acknowledging receipt of instructions concerning use of stamped paper.    (Omitted.)</barker_summary>
	<barker_footnotes></barker_footnotes>
	<barker_citation>Eugene Barker, ed., <hi rend="italic">Annual Report of the American Historical Association for the Year 1919: The Austin Papers</hi>, (Washington, D.C.: Government Printing Office, 1924), 3 vols., Vol 1, Part 2, pp. 4</barker_citation>
</barker_notes>
<document_digital_creation>07-29-2010</document_digital_creation>

<respStmt>
<resp>Project Director and Editor: </resp> 
<name>Andrew J. Torget</name>
<resp>Creation of XML version: </resp>
<name></name>
</respStmt>
</titleStmt>

<text id="APB1475T">

<body>
<div1 type="summary">
<p>Austin to Ramon Musquiz, January 7, 1828. Acknowledging receipt of instructions concerning use of stamped paper.    (Omitted.)</p>
</div1>

<div1 type="body">


<p><location_mentioned>San Felipe,</location_mentioned> <date_mentioned n="01-07-1828">January 7, 1828.</date_mentioned></p>
<p>See Calendar.</p>


</div1>
</body>
</text>
</TEI.2>
