
<TEI.2 id="APB1193">
<project_title>Digital Stephen F. Austin Papers</project_title>
<project_editor>Andrew J. Torget</project_editor>

<document_creation>07-10-1826</document_creation>
<document_citation>Eugene Barker, ed., <hi rend="italic">Annual Report of the American Historical Association for the Year 1919: The Austin Papers</hi>, (Washington, D.C.: Government Printing Office, 1924), 3 vols., Vol 1, Part 2, pp. 1370-1371</document_citation>
<document_language>English</document_language>
<document_status>Private</document_status>
<document_type>Letter</document_type>
<document_author>Bartlett Simms</document_author>
<document_sender></document_sender>
<document_recipient>Stephen F. Austin</document_recipient>
<document_title>Bartlett Simms to Stephen F. Austin, 07-10-1826</document_title>
<document_location>
	<sent_from>Peach Creek, Texas</sent_from>
	<sent_to>Unknown</sent_to>
</document_location>
<barker_notes>
	<barker_summary>Bartlett Sims to Austin, July 10, 1826.    Applying for certain land.</barker_summary>
	<barker_footnotes></barker_footnotes>
	<barker_citation>Eugene Barker, ed., <hi rend="italic">Annual Report of the American Historical Association for the Year 1919: The Austin Papers</hi>, (Washington, D.C.: Government Printing Office, 1924), 3 vols., Vol 1, Part 2, pp. 1370-1371</barker_citation>
</barker_notes>
<document_digital_creation>06-22-2010</document_digital_creation>

<respStmt>
<resp>Project Director and Editor: </resp> 
<name>Andrew J. Torget</name>
<resp>Creation of XML version: </resp>
<name>Debbie Liles</name>
</respStmt>
</titleStmt>

<text id="APB1193T">

<body>
<div1 type="summary">
<p>Bartlett Sims to Austin, July 10, 1826.    Applying for certain land.</p>
</div1>

<div1 type="body">

<p><location_mentioned>Peach Creek</location_mentioned><date_mentioned n="07-10-1826"> July 10th 1826</date_mentioned></p>
<p><person_mentioned>Coln Austin</person_mentioned>
</p>
<p>Dear Sir   My Helth is Such that I cant come to see you my Self
at Present and I send <person_mentioned>Mr. Whiteside</person_mentioned> and wishing very much to<barker_pb n="1371"/>
make a Exchang of one labour of Land with you I am all moast a
fraid to name the spot But the fact is it is the <location_mentioned>Buckner Spring place</location_mentioned>
I never Have under stud How you prised that place But if you will
part from it at all send me word upon what terms I will give you
Boot and if that cant Be got let me have the place at <location_mentioned>Jacsons oald
Camp</location_mentioned> which lays<location_mentioned> a bove the Labour</location_mentioned> that you Let <person_mentioned>Mr Castleman</person_mentioned>
have and if you Cant Let me Have either Let me have one in the
<location_mentioned>loar end of Jacksons prarai Beginning on the N E Corner of 
<person_mentioned>Kinchalaws [Kincheloe's]</person_mentioned> Land</location_mentioned> if you can spar the first choice I wold
Reather But if not Leave it to my chois of the To Latter places and
if you wont let me have Either Recommend me to some good Poast
oak that I Can Climb with a Rope to H------<person_mentioned>Coln</person_mentioned> if you spar any of
this land please to Designate in writing what way you wish it taken
as I may not Have to improve.</p>
                    <p> <person_mentioned> <person_mentioned>Bartlett Sims</person_mentioned></person_mentioned>
</p>
</div1>
</body>
</text>
</TEI.2>
