
<TEI.2 id="APB1512">
<project_title>Digital Stephen F. Austin Papers</project_title>
<project_editor>Andrew J. Torget</project_editor>

<document_creation>03-16-1828</document_creation>
<document_citation>Eugene Barker, ed., <hi rend="italic">Annual Report of the American Historical Association for the Year 1922: The Austin Papers</hi>, (Washington, D.C.: Government Printing Office, 1928), 3 vols., Vol 2, pp. 26-27</document_citation>
<document_language>English</document_language>
<document_status>Public</document_status>
<document_type>Notice</document_type>
<document_author>Stephen F. Austin</document_author>
<document_sender></document_sender>
<document_recipient>Colonists</document_recipient>
<document_title>Stephen F. Austin to Colonists, 03-16-1828</document_title>
<document_location>
	<sent_from>San Felipe de Austin, Texas</sent_from>
	<sent_to>Unknown</sent_to>
</document_location>
<barker_notes>
	<barker_summary>Austin to colonists, March 16, 1828. Notice that the land commissioner has arrived to finish extending titles in the first colony and to begin in the second.</barker_summary>
	<barker_footnotes></barker_footnotes>
	<barker_citation>Eugene Barker, ed., <hi rend="italic">Annual Report of the American Historical Association for the Year 1919: The Austin Papers</hi>, (Washington, D.C.: Government Printing Office, 1924), 3 vols., Vol 1, Part 2, pp. 26-27</barker_citation>
</barker_notes>
<document_digital_creation>07-31-2010</document_digital_creation>

<respStmt>
<resp>Project Director and Editor: </resp> 
<name>Andrew J. Torget</name>
<resp>Creation of XML version: </resp>
<name>Debbie Liles</name>
</respStmt>
</titleStmt>

<text id="APB1512T">

<body>
<div1 type="summary">
<p>Austin to colonists, March 16, 1828. Notice that the land commissioner has arrived to finish extending titles in the first colony and to begin in the second.</p>
</div1>

<div1 type="body">
<p>The <person_mentioned>Commissioner </person_mentioned>has arrived to conclude the business of the
<location_mentioned>first Colony</location_mentioned> of the <person_mentioned>Empresario Stephen F Austin</person_mentioned>, and to Commence<barker_pb n="27"/>
that of the <location_mentioned>second</location_mentioned>, All those <person_mentioned>persons </person_mentioned>who have not received their
titles will present themselves, immediatly as the <person_mentioned>Commissioner </person_mentioned>is
obliged to return in the begining of <date_mentioned n="06-xx-1828">June</date_mentioned>.</p>

<p><location_mentioned>Sn Felipe de Austin</location_mentioned> <date_mentioned n="03-16-1828">16 March 1828</date_mentioned>.</p>

<p><person_mentioned>Stephen F. Austin </person_mentioned>   [Rubric]</p>

<p><person_mentioned>Gaspar Flores</person_mentioned>    [Rubric]</p>

</div1>
</body>
</text>
</TEI.2>
