
<TEI.2 id="APB1060">
<project_title>Digital Stephen F. Austin Papers</project_title>
<project_editor>Andrew J. Torget</project_editor>

<document_creation>03-15-1825</document_creation>
<document_citation>Eugene Barker, ed., <hi rend="italic">Annual Report of the American Historical Association for the Year 1919: The Austin Papers</hi>, (Washington, D.C.: Government Printing Office, 1924), 3 vols., Vol 1, Part 2, pp. 1056</document_citation>
<document_language>English</document_language>
<document_status>Private</document_status>
<document_type>Bill for gunpowder</document_type>
<document_author>Jas E. B. Austin</document_author>
<document_sender></document_sender>
<document_recipient>Unknown</document_recipient>
<document_title>Jas E. B. Austin to Unknown, 03-15-1825</document_title>
<document_location>
	<sent_from>San Felipe de Austin, Texas</sent_from>
	<sent_to>Unknown</sent_to>
</document_location>
<barker_notes>
	<barker_summary>Price list, March 15, 1825.   Price of powder.</barker_summary>
	<barker_footnotes>Taking the oath to the Federal Constitution. See next document, Austin to Gonzales,
March 16, 1825</barker_footnotes>
	<barker_citation>Eugene Barker, ed., <hi rend="italic">Annual Report of the American Historical Association for the Year 1919: The Austin Papers</hi>, (Washington, D.C.: Government Printing Office, 1924), 3 vols., Vol 1, Part 2, pp. 1056</barker_citation>
</barker_notes>
<document_digital_creation>05-31-2010</document_digital_creation>

<respStmt>
<resp>Project Director and Editor: </resp> 
<name>Andrew J. Torget</name>
<resp>Creation of XML version: </resp>
<name>Debbie Liles</name>
</respStmt>
</titleStmt>

<text id="APB1060T">

<body>
<div1 type="summary">
<p>Price list, March 15, 1825.   Price of powder.</p>
</div1>

<div1 type="body">
<p>Price List </p>                                 m

<p>Bill of Powder furnished on the <date_mentioned n="03-12-1825">12th  inst</date_mentioned> for the celebration of
that day </p>
<p>" 30 lbs Powder @ $1.00_______________________  $30. 00</p>

<p><location_mentioned>San Felipe de Austin</location_mentioned> <date_mentioned n="03-15-1825">15th March 1825</date_mentioned>   paid</p>

<p><person_mentioned>Jas. E. B. Austin</person_mentioned></p>

</div1>
</body>
</text>
</TEI.2>
