
<TEI.2 id="APB1677">
<project_title>Digital Stephen F. Austin Papers</project_title>
<project_editor>Andrew J. Torget</project_editor>

<document_creation>02-15-1829</document_creation>
<document_citation>Eugene Barker, ed., <hi rend="italic">Annual Report of the American Historical Association for the Year 1922: The Austin Papers</hi>, (Washington, D.C.: Government Printing Office, 1928), 3 vols., Vol 2, pp. 166</document_citation>
<document_language>English</document_language>
<document_status>Private</document_status>
<document_type>Receipt</document_type>
<document_author>Bauzan</document_author>
<document_sender></document_sender>
<document_recipient>Stephen F Austin</document_recipient>
<document_title>Bauzan to Stephen F Austin, 02-15-1829</document_title>
<document_location>
	<sent_from>Unknown</sent_from>
	<sent_to>Unknown</sent_to>
</document_location>
<barker_notes>
	<barker_summary>Bauzan to Austin, February 15, 1829.   Receipt for cows.</barker_summary>
	<barker_footnotes></barker_footnotes>
	<barker_citation>Eugene Barker, ed., <hi rend="italic">Annual Report of the American Historical Association for the Year 1919: The Austin Papers</hi>, (Washington, D.C.: Government Printing Office, 1924), 3 vols., Vol 1, Part 2, pp. 166</barker_citation>
</barker_notes>
<document_digital_creation>08-10-2010</document_digital_creation>

<respStmt>
<resp>Project Director and Editor: </resp> 
<name>Andrew J. Torget</name>
<resp>Creation of XML version: </resp>
<name>Debbie Liles</name>
</respStmt>
</titleStmt>

<text id="APB1677T">

<body>
<div1 type="summary">
<p>Bauzan to Austin, February 15, 1829.   Receipt for cows.</p>
</div1>

<div1 type="body">

<p>Recd of <person_mentioned>S F Austin </person_mentioned>three cows in payment of <person_mentioned>Mr. M. M. Battles</person_mentioned>
order for the Amount</p>
<p><date_mentioned n="02-15-1829">Febe 15 1829</date_mentioned></p>

<p><person_mentioned>Bauzan</person_mentioned></p>


</div1>
</body>
</text>
</TEI.2>
