
<TEI.2 id="APB1093">
<project_title>Digital Stephen F. Austin Papers</project_title>
<project_editor>Andrew J. Torget</project_editor>

<document_creation>05-01-1825</document_creation>
<document_citation>Eugene Barker, ed., <hi rend="italic">Annual Report of the American Historical Association for the Year 1919: The Austin Papers</hi>, (Washington, D.C.: Government Printing Office, 1924), 3 vols., Vol 1, Part 2, pp. 1086</document_citation>
<document_language>English</document_language>
<document_status>Public</document_status>
<document_type>proclamation</document_type>
<document_author>Stephen F. Austin</document_author>
<document_sender></document_sender>
<document_recipient>People of the Colony</document_recipient>
<document_title>Stephen F. Austin to People of the Colony, 05-01-1825</document_title>
<document_location>
	<sent_from>Unknown</sent_from>
	<sent_to>Unknown</sent_to>
</document_location>
<barker_notes>
	<barker_summary>Militia election proclamation [about May 1, 1825?].</barker_summary>
	<barker_footnotes></barker_footnotes>
	<barker_citation>Eugene Barker, ed., <hi rend="italic">Annual Report of the American Historical Association for the Year 1919: The Austin Papers</hi>, (Washington, D.C.: Government Printing Office, 1924), 3 vols., Vol 1, Part 2, pp. 1086</barker_citation>
</barker_notes>
<document_digital_creation>06-08-2010</document_digital_creation>

<respStmt>
<resp>Project Director and Editor: </resp> 
<name>Andrew J. Torget</name>
<resp>Creation of XML version: </resp>
<name>Debbie Liles</name>
</respStmt>
</titleStmt>

<text id="APB1093T">

<body>
<div1 type="summary">
<p>Militia election proclamation [about May 1, 1825?].</p>
</div1>

<div1 type="body">

<p><date_mentioned n="05-01-1825">[About May 1, 1825?]</date_mentioned></p>
<p>The <person_mentioned>militia </person_mentioned>composing the <location_mentioned>upper Company on the Colorado </location_mentioned>are
notified to meet at the <location_mentioned>home of <person_mentioned>R. Alley</person_mentioned></location_mentioned> at <location_mentioned>Tuscasite </location_mentioned>on <date_mentioned n="05-07-1825">Saturday</date_mentioned>
next for the purpose of electing a <person_mentioned>Captain </person_mentioned>in the place of <person_mentioned>Jesse
Burnam</person_mentioned> whose term of service has expired.</p>

<p>The term for which the <person_mentioned>officers </person_mentioned>of the <person_mentioned>upper company</person_mentioned> on the
<location_mentioned>Colorado </location_mentioned>were elected having expired the <person_mentioned>militia </person_mentioned>composing said
<person_mentioned>company </person_mentioned>are notified to meet at the <location_mentioned>house of <person_mentioned>R Alley</person_mentioned></location_mentioned> at <location_mentioned>Tuscsite</location_mentioned>
on <date_mentioned n="05-07-1825">Saturday </date_mentioned>next for the purpose of electing a <person_mentioned>Captain </person_mentioned>one <person_mentioned>Lieut</person_mentioned>.
. . . and two <person_mentioned>Sergeants </person_mentioned>to command said <person_mentioned>Company </person_mentioned>for the 
ensueing year.</p>

<p><person_mentioned>[Stephen F. Austin.]</person_mentioned></p>

</div1>
</body>
</text>
</TEI.2>
