
<TEI.2 id="APB1114">
<project_title>Digital Stephen F. Austin Papers</project_title>
<project_editor>Andrew J. Torget</project_editor>

<document_creation>04-06-1826</document_creation>
<document_citation>Eugene Barker, ed., <hi rend="italic">Annual Report of the American Historical Association for the Year 1919: The Austin Papers</hi>, (Washington, D.C.: Government Printing Office, 1924), 3 vols., Vol 1, Part 2, pp. 1304</document_citation>
<document_language>English</document_language>
<document_status>Private</document_status>
<document_type>Letter</document_type>
<document_author>John P. Coles</document_author>
<document_sender></document_sender>
<document_recipient>Stephen F. Austin</document_recipient>
<document_title>John P. Coles to Stephen F. Austin, 04-06-1826</document_title>
<document_location>
	<sent_from>Bravo, Texas</sent_from>
	<sent_to>San Felipe de Austin, Texas</sent_to>
</document_location>
<barker_notes>
	<barker_summary>John P. Coles to Austin, April 6, 1826. Asking instructions concerning juris liction in Robertson's colony.</barker_summary>
	<barker_footnotes></barker_footnotes>
	<barker_citation>Eugene Barker, ed., <hi rend="italic">Annual Report of the American Historical Association for the Year 1919: The Austin Papers</hi>, (Washington, D.C.: Government Printing Office, 1924), 3 vols., Vol 1, Part 2, pp. 1304</barker_citation>
</barker_notes>
<document_digital_creation>06-10-2010</document_digital_creation>

<respStmt>
<resp>Project Director and Editor: </resp> 
<name>Andrew J. Torget</name>
<resp>Creation of XML version: </resp>
<name>Debbie Liles</name>
</respStmt>
</titleStmt>

<text id="APB1114T">

<body>
<div1 type="summary">
<p>John P. Coles to Austin, April 6, 1826. Asking instructions concerning juris liction in Robertson's colony.</p>
</div1>

<div1 type="body">

<p><location_mentioned>Bravo</location_mentioned>�<date_mentioned n="04-06-186">6th April 1826</date_mentioned></p>
<p>Dear sir</p>

<p>We have been Looking for you for a week past at this <location_mentioned>place </location_mentioned><person_mentioned>Doct.
Robertson</person_mentioned> has Returned <location_mentioned>Home </location_mentioned>To <location_mentioned>Tennessee </location_mentioned>without Effecting any
considerable object in the <location_mentioned>country </location_mentioned>above he has written me and says
that he wishes the authority of this <location_mentioned>Colony </location_mentioned>to Extend above untill
ther should be forty <person_mentioned>familys </person_mentioned>settled in that <location_mentioned>Colony </location_mentioned>I am Now
 Requested to Remove Early who has put them all at defiance and says
that he will hold his place in spite of them and threttens the Life of
the <person_mentioned>Barrer </person_mentioned>of this who is the owner of the Tract of Land that he is
on <person_mentioned>Maj. Sterling C. Robertson</person_mentioned> what should I doo in this case shall
I put Early off or not
</p>
<p><person_mentioned>Jno P Coles </person_mentioned>   [Rubric]</p>

<p>[Addressed:] <person_mentioned>Col. S F Austin</person_mentioned> <location_mentioned>San felipe de Austin</location_mentioned> <person_mentioned>P. Maj Robertson</person_mentioned></p>

</div1>
</body>
</text>
</TEI.2>
