
<TEI.2 id="APB1407">
<project_title>Digital Stephen F. Austin Papers</project_title>
<project_editor>Andrew J. Torget</project_editor>

<document_creation>June 4, 1827</document_creation>
<document_citation>Eugene Barker, ed., <hi rend="italic">Annual Report of the American Historical Association for the Year 1919: The Austin Papers</hi>, (Washington, D.C.: Government Printing Office, 1924), 3 vols., Vol 1, Part 2, pp. 1656</document_citation>
<document_language>English</document_language>
<document_status>Private</document_status>
<document_type>Letter</document_type>
<document_author>John W. Hall</document_author>
<document_sender></document_sender>
<document_recipient>L. R. Kenny</document_recipient>
<document_title>John W. Hall to L. R. Kenny, June 4, 1827</document_title>
<document_location>
	<sent_from>Unknown</sent_from>
	<sent_to>Unknown</sent_to>
</document_location>
<barker_notes>
	<barker_summary>John W. Hall to L. R. Kenny, June 4, 1827. Asking aid in correcting false statements.</barker_summary>
	<barker_footnotes></barker_footnotes>
	<barker_citation>Eugene Barker, ed., <hi rend="italic">Annual Report of the American Historical Association for the Year 1919: The Austin Papers</hi>, (Washington, D.C.: Government Printing Office, 1924), 3 vols., Vol 1, Part 2, pp. 1656</barker_citation>
</barker_notes>
<document_digital_creation>07-24-2010</document_digital_creation>

<respStmt>
<resp>Project Director and Editor: </resp> 
<name>Andrew J. Torget</name>
<resp>Creation of XML version: </resp>
<name>Debbie Liles</name>
</respStmt>
</titleStmt>

<text id="APB1407T">

<body>
<div1 type="summary">
<p>John W. Hall to L. R. Kenny, June 4, 1827. Asking aid in correcting false statements.</p>
</div1>

<div1 type="body">

<p><person_mentioned>Mr L R Kenny</person_mentioned></p>
<p>Dear sir</p>

<person_mentioned><p>I saw a few lines written By <person_mentioned>coln Austin</person_mentioned> to </person_mentioned>Mr Warren 
informing him his petition could not Be Received I think that their
Has Been some false and malisious statements made against <person_mentioned>Mr
Warren </person_mentioned>and I wish you would Enquire in to it and iff so you will
assist Him as a friend and it will accomodate yours with Respect</p>

<p><person_mentioned>John W Hall</person_mentioned></p>

</div1>
</body>
</text>
</TEI.2>
