
<TEI.2 id="APB1021">
<project_title>Digital Stephen F. Austin Papers</project_title>
<project_editor>Andrew J. Torget</project_editor>

<document_creation>01-23-1825</document_creation>
<document_citation>Eugene Barker, ed., <hi rend="italic">Annual Report of the American Historical Association for the Year 1919: The Austin Papers</hi>, (Washington, D.C.: Government Printing Office, 1924), 3 vols., Vol 1, Part 2, pp. 1023</document_citation>
<document_language>English</document_language>
<document_status>Private</document_status>
<document_type>Letter</document_type>
<document_author>Thomas M. Duke</document_author>
<document_sender></document_sender>
<document_recipient>Stephen F. Austin</document_recipient>
<document_title>Thomas M. Duke to Stephen F. Austin, 01-23-1825</document_title>
<document_location>
	<sent_from>Colorado River, Texas</sent_from>
	<sent_to>Unknown</sent_to>
</document_location>
<barker_notes>
	<barker_summary>Thomas M. Duke to Austin, January 23, 1825.   Request for certain land.</barker_summary>
	<barker_footnotes></barker_footnotes>
	<barker_citation>Eugene Barker, ed., <hi rend="italic">Annual Report of the American Historical Association for the Year 1919: The Austin Papers</hi>, (Washington, D.C.: Government Printing Office, 1924), 3 vols., Vol 1, Part 2, pp. 1023</barker_citation>
</barker_notes>
<document_digital_creation>05-24-2010</document_digital_creation>

<respStmt>
<resp>Project Director and Editor: </resp> 
<name>Andrew J. Torget</name>
<resp>Creation of XML version: </resp>
<name>Debbie Liles</name>
</respStmt>
</titleStmt>

<text id="APB1021T">

<body>
<div1 type="summary">
<p>Thomas M. Duke to Austin, January 23, 1825.   Request for certain land.</p>
</div1>

<div1 type="body">
<p><location_mentioned>Colorado</location_mentioned><date_mentioned n="01-23-1825">Jany. 23 1825</date_mentioned></p>
<p>Coln- Stephen F Austin</p>

<p>Sir having been informed by <person_mentioned>Mr K. Alley</person_mentioned> that you have allowed
me a labor at this <location_mentioned>River</location_mentioned> I wish you to enter for me the<location_mentioned> Seventh</location_mentioned>
as <person_mentioned>Captain Grey</person_mentioned> has declined taking any land in this <location_mentioned>Colony </location_mentioned> and
has resigned that labor in my favor I have the survey as receipt for
the surveying of the <location_mentioned>thirtieth league</location_mentioned> and will get <person_mentioned>Mr. Alley</person_mentioned>'s receipt
for the labor and would wish to have my deed as soon as it would
be convenient as I shall not be in town more than once before I go to
<location_mentioned>Kentucky</location_mentioned> which will be as soon as the Grass rises in the <date_mentioned n="Spring-1825">Spring</date_mentioned>

</p><p><person_mentioned>Thos- M. Duke</person_mentioned> </p>   [Rubric]



</div1>
</body>
</text>
</TEI.2>
