
<TEI.2 id="APB1623">
<project_title>Digital Stephen F. Austin Papers</project_title>
<project_editor>Andrew J. Torget</project_editor>

<document_creation>10-01-1828</document_creation>
<document_citation>Eugene Barker, ed., <hi rend="italic">Annual Report of the American Historical Association for the Year 1922: The Austin Papers</hi>, (Washington, D.C.: Government Printing Office, 1928), 3 vols., Vol 2, pp. 132</document_citation>
<document_language>Unknown</document_language>
<document_status>Private</document_status>
<document_type>Letter</document_type>
<document_author>Jose M Balmaceda</document_author>
<document_sender></document_sender>
<document_recipient>Stephen F Austin</document_recipient>
<document_title>Jose M Balmaceda to Stephen F Austin, 10-01-1828</document_title>
<document_location>
	<sent_from>Bexar, Texas</sent_from>
	<sent_to>Unknown</sent_to>
</document_location>
<barker_notes>
	<barker_summary>Jos� Maria Balmaceda to Austin, Bexar, October 16, 1828. Promising to deliver a wagon, which Austin has sent, to Padilla in Saltillo.    (Omitted.)</barker_summary>
	<barker_footnotes>Representative elect to the legislature</barker_footnotes>
	<barker_citation>Eugene Barker, ed., <hi rend="italic">Annual Report of the American Historical Association for the Year 1919: The Austin Papers</hi>, (Washington, D.C.: Government Printing Office, 1924), 3 vols., Vol 1, Part 2, pp. 132</barker_citation>
</barker_notes>
<document_digital_creation>08-08-2010</document_digital_creation>

<respStmt>
<resp>Project Director and Editor: </resp> 
<name>Andrew J. Torget</name>
<resp>Creation of XML version: </resp>
<name>Debbie Liles</name>
</respStmt>
</titleStmt>

<text id="APB1623T">

<body>
<div1 type="summary">
<p>Jos� Maria Balmaceda to Austin, Bexar, October 16, 1828. Promising to deliver a wagon, which Austin has sent, to Padilla in Saltillo.    (Omitted.)</p>
</div1>

<div1 type="body">

<p><location_mentioned>Bexar</location_mentioned>, <date_mentioned n="10-01-1828">October 1, 1828.</date_mentioned></p>
<p>See Calendar</p>

</div1>
</body>
</text>
</TEI.2>
