
<TEI.2 id="APB1781">
<project_title>Digital Stephen F. Austin Papers</project_title>
<project_editor>Andrew J. Torget</project_editor>

<document_creation>11-01-1829</document_creation>
<document_citation>Eugene Barker, ed., <hi rend="italic">Annual Report of the American Historical Association for the Year 1922: The Austin Papers</hi>, (Washington, D.C.: Government Printing Office, 1928), 3 vols., Vol 2, pp. 280</document_citation>
<document_language>Unknown</document_language>
<document_status>Public</document_status>
<document_type>Editorial</document_type>
<document_author>Stephen F Austin</document_author>
<document_sender></document_sender>
<document_recipient>Unknown</document_recipient>
<document_title>Stephen F Austin to Unknown, 11-01-1829</document_title>
<document_location>
	<sent_from>Unknown</sent_from>
	<sent_to>Unknown</sent_to>
</document_location>
<barker_notes>
	<barker_summary>Austin to---------[about November 1, 1829].   Address on repulse of Spanish invasion.    (Omitted.)</barker_summary>
	<barker_footnotes></barker_footnotes>
	<barker_citation>Eugene Barker, ed., <hi rend="italic">Annual Report of the American Historical Association for the Year 1919: The Austin Papers</hi>, (Washington, D.C.: Government Printing Office, 1924), 3 vols., Vol 1, Part 2, pp. 280</barker_citation>
</barker_notes>
<document_digital_creation>08-16-2010</document_digital_creation>

<respStmt>
<resp>Project Director and Editor: </resp> 
<name>Andrew J. Torget</name>
<resp>Creation of XML version: </resp>
<name>Debbie Liles</name>
</respStmt>
</titleStmt>

<text id="APB1781T">

<body>
<div1 type="summary">
<p>Austin to---------[about November 1, 1829].   Address on repulse of Spanish invasion.    (Omitted.)</p>
</div1>

<div1 type="body">

<p>Failure of the <person_mentioned>Spanish </person_mentioned>Invasion</p>

<p>[This document, probably intended by Austin for an editorial in
The Texas Gazette, is omitted. It is undated, but was probably
written about November 1, 1829.]   See Calendar.</p>


</div1>
</body>
</text>
</TEI.2>
