
<TEI.2 id="APB1063">
<project_title>Digital Stephen F. Austin Papers</project_title>
<project_editor>Andrew J. Torget</project_editor>

<document_creation>03-19-1825</document_creation>
<document_citation>Eugene Barker, ed., <hi rend="italic">Annual Report of the American Historical Association for the Year 1919: The Austin Papers</hi>, (Washington, D.C.: Government Printing Office, 1924), 3 vols., Vol 1, Part 2, pp. 1060</document_citation>
<document_language>English</document_language>
<document_status>Private</document_status>
<document_type>Letter</document_type>
<document_author>William Brenaugh</document_author>
<document_sender></document_sender>
<document_recipient>Stephen F. Austin</document_recipient>
<document_title>William Brenaugh to Stephen F. Austin, 03-19-1825</document_title>
<document_location>
	<sent_from>Natchitoches, Louisiana</sent_from>
	<sent_to>Texas</sent_to>
</document_location>
<barker_notes>
	<barker_summary>William Brenaugh to Austin, March 19, 1825.    Wants land.    Has 12 negroes.</barker_summary>
	<barker_footnotes></barker_footnotes>
	<barker_citation>Eugene Barker, ed., <hi rend="italic">Annual Report of the American Historical Association for the Year 1919: The Austin Papers</hi>, (Washington, D.C.: Government Printing Office, 1924), 3 vols., Vol 1, Part 2, pp. 1060</barker_citation>
</barker_notes>
<document_digital_creation>06-01-2010</document_digital_creation>

<respStmt>
<resp>Project Director and Editor: </resp> 
<name>Andrew J. Torget</name>
<resp>Creation of XML version: </resp>
<name>Debbie Liles</name>
</respStmt>
</titleStmt>

<text id="APB1063T">

<body>
<div1 type="summary">
<p>William Brenaugh to Austin, March 19, 1825.    Wants land.    Has 12 negroes.</p>
</div1>

<div1 type="body">
<p><location_mentioned>Natchitoches</location_mentioned></p>
<p><date_mentioned n="03-19-1825">March 19�1825.</date_mentioned></p>
<p>Sir</p>

<p>It is my wish to procure <location_mentioned>land </location_mentioned>in your <location_mentioned>country</location_mentioned>: I am a man of
<person_mentioned>family</person_mentioned>, have twelve <person_mentioned>negroes</person_mentioned> and will improve the same within the
time prescribed by law�   I authorize <person_mentioned>Mr Smith</person_mentioned> to locate it for me.</p>

<p><person_mentioned>WM   Brenaugh</person_mentioned></p>
<p><person_mentioned>Mr. S. F. Austin
</person_mentioned></p>
<p><location_mentioned>Texas</location_mentioned></p>

</div1>
</body>
</text>
</TEI.2>
