
<TEI.2 id="APB1549">
<project_title>Digital Stephen F. Austin Papers</project_title>
<project_editor>Andrew J. Torget</project_editor>

<document_creation>06-02-1828</document_creation>
<document_citation>Eugene Barker, ed., <hi rend="italic">Annual Report of the American Historical Association for the Year 1922: The Austin Papers</hi>, (Washington, D.C.: Government Printing Office, 1928), 3 vols., Vol 2, pp. 46</document_citation>
<document_language>Unknown</document_language>
<document_status>Private</document_status>
<document_type>Unknown</document_type>
<document_author>Stephen F Austin</document_author>
<document_sender></document_sender>
<document_recipient>Governor of Coahuila and Texas</document_recipient>
<document_title>Stephen F Austin to Governor of Coahuila and Texas, 06-02-1828</document_title>
<document_location>
	<sent_from>San Felipe de Austin, Texas</sent_from>
	<sent_to>Unknown</sent_to>
</document_location>
<barker_notes>
	<barker_summary>Austin to Governor of Coahuila and Texas, June 2, 1828. Applying for contract to settle the coast of Texas.    (Omitted.)</barker_summary>
	<barker_footnotes>From Translations of Empresario Contracts, p. 153, General Land Office of Texas,</barker_footnotes>
	<barker_citation>Eugene Barker, ed., <hi rend="italic">Annual Report of the American Historical Association for the Year 1919: The Austin Papers</hi>, (Washington, D.C.: Government Printing Office, 1924), 3 vols., Vol 1, Part 2, pp. 46</barker_citation>
</barker_notes>
<document_digital_creation>08-06-2010</document_digital_creation>

<respStmt>
<resp>Project Director and Editor: </resp> 
<name>Andrew J. Torget</name>
<resp>Creation of XML version: </resp>
<name>Debbie Liles</name>
</respStmt>
</titleStmt>

<text id="APB1549T">

<body>
<div1 type="summary">
<p>Austin to Governor of Coahuila and Texas, June 2, 1828. Applying for contract to settle the coast of Texas.    (Omitted.)</p>
</div1>

<div1 type="body">

<p><location_mentioned>San Felipe,</location_mentioned> <date_mentioned n="06-02-1828">June 2, 1828</date_mentioned>.</p>
<p>See Calendar</p>

</div1>
</body>
</text>
</TEI.2>
