
<TEI.2 id="APB1330">
<project_title>Digital Stephen F. Austin Papers</project_title>
<project_editor>Andrew J. Torget</project_editor>

<document_creation>02-13-1827</document_creation>
<document_citation>Eugene Barker, ed., <hi rend="italic">Annual Report of the American Historical Association for the Year 1919: The Austin Papers</hi>, (Washington, D.C.: Government Printing Office, 1924), 3 vols., Vol 1, Part 2, pp. 1601-1602</document_citation>
<document_language>English</document_language>
<document_status>Private</document_status>
<document_type>Letter</document_type>
<document_author>Francis Biggam</document_author>
<document_sender> Mr. Hide</document_sender>
<document_recipient>Stephen F. Austin</document_recipient>
<document_title>Francis Biggam to Stephen F. Austin, 02-13-1827</document_title>
<document_location>
	<sent_from>Monroe, Louisiana</sent_from>
	<sent_to>Unknown</sent_to>
</document_location>
<barker_notes>
	<barker_summary>[None - DML]</barker_summary>
	<barker_footnotes></barker_footnotes>
	<barker_citation>Eugene Barker, ed., <hi rend="italic">Annual Report of the American Historical Association for the Year 1919: The Austin Papers</hi>, (Washington, D.C.: Government Printing Office, 1924), 3 vols., Vol 1, Part 2, pp. 1601-1602</barker_citation>
</barker_notes>
<document_digital_creation>07-17-2010</document_digital_creation>

<respStmt>
<resp>Project Director and Editor: </resp> 
<name>Andrew J. Torget</name>
<resp>Creation of XML version: </resp>
<name>Debbie Liles</name>
</respStmt>
</titleStmt>

<text id="APB1330T">

<body>
<div1 type="summary">
<p>[None]</p>
</div1>

<div1 type="body">

<p><location_mentioned>monroe </location_mentioned><date_mentioned n="02-13-1827">february 13th 1827</date_mentioned></p>

<p>Dr friend</p>

<p>I recd your much esteemed favours a few Days ago I embrace
the oppertunity of <person_mentioned>Mr Charles Hyde</person_mentioned> gowing out by water to state
I am making every exarsition in my power to gett out imadently
but so many crosses and Disapointments acur which I Can not cee
or prevent that I alomost Dispair at times aded to the reports that
is Dayly Coming in respecting the <location_mentioned>Countrey </location_mentioned>which I flater my self
is groundless or at least the greatest part of them <person_mentioned>Mr Hide</person_mentioned> the
bearer of this letter is brother to <person_mentioned>Hide </person_mentioned>that gross ows the money
two which note I left in the <location_mentioned>office </location_mentioned>for Colection and gows out with
<person_mentioned>Doc Theet (?)</person_mentioned> for the purpose of getting the money and I request
you as a friend to forward him all in your power hee has got the
rept for the same I recd from <person_mentioned>Mr Williams</person_mentioned> I expect to see you
shortley as I am almost ready to start   I will then bee able to<barker_pb n="1602"/>
show you in publieke prints what news is aflot but I hope all will
settle Down in peace I have been agood Deal sicke since I Came
home owing to my steat of health on my arival as I was almost
wore out before I got home there is some intimations aflot that
the <location_mentioned>united states</location_mentioned> has empowered an <person_mentioned>ambasedore </person_mentioned>to treat for that
section of the <person_mentioned>Countrey</person_mentioned> Cotton is almost given nothing and 
nothing else will Comand money rember mee to your <person_mentioned>Broather </person_mentioned>and
<person_mentioned>Mr Williams</person_mentioned> I have no news worth stating to I see you which will
not bee long and concluded by saying I am yours Cincerly</p>

<p><person_mentioned>Fras Biggam</person_mentioned></p>
<p><person_mentioned>Corl F Austin</person_mentioned></p>


</div1>
</body>
</text>
</TEI.2>
