
<TEI.2 id="APB1157">
<project_title>Digital Stephen F. Austin Papers</project_title>
<project_editor>Andrew J. Torget</project_editor>

<document_creation>05-xx-1826</document_creation>
<document_citation>Eugene Barker, ed., <hi rend="italic">Annual Report of the American Historical Association for the Year 1919: The Austin Papers</hi>, (Washington, D.C.: Government Printing Office, 1924), 3 vols., Vol 1, Part 2, pp. 1340</document_citation>
<document_language>English</document_language>
<document_status>Public</document_status>
<document_type>Militia Roster</document_type>
<document_author>Unknown</document_author>
<document_sender></document_sender>
<document_recipient>Unknown</document_recipient>
<document_title>Unknown to Unknown, 05-xx-1826</document_title>
<document_location>
	<sent_from>Unknown</sent_from>
	<sent_to>Unknown</sent_to>
</document_location>
<barker_notes>
	<barker_summary>Roster of a detachment of militia, May 18, 1826</barker_summary>
	<barker_footnotes></barker_footnotes>
	<barker_citation>Eugene Barker, ed., <hi rend="italic">Annual Report of the American Historical Association for the Year 1919: The Austin Papers</hi>, (Washington, D.C.: Government Printing Office, 1924), 3 vols., Vol 1, Part 2, pp. 1340</barker_citation>
</barker_notes>
<document_digital_creation>06-19-2010</document_digital_creation>

<respStmt>
<resp>Project Director and Editor: </resp> 
<name>Andrew J. Torget</name>
<resp>Creation of XML version: </resp>
<name>Debbie Liles</name>
</respStmt>
</titleStmt>

<text id="APB1157T">

<body>
<div1 type="summary">
<p>Roster of a detachment of militia, May 18, 1826</p>
</div1>

<div1 type="body">

<p>Register for a detachment of the <person_mentioned>Malitia </person_mentioned>of <person_mentioned>Col� Austin</person_mentioned>s Battalion under the
Command of<person_mentioned> Capt. A. C. Buckner</person_mentioned> <date_mentioned n="05-18-1826">May 18th 1826</date_mentioned>.</p>

<p>Name of Officers Comdg. Comps.   <person_mentioned>captains  </person_mentioned><person_mentioned>lieut   </person_mentioned><person_mentioned>Sergants   </person_mentioned><person_mentioned>Corporals   </person_mentioned><person_mentioned>Priat   </person_mentioned>Total    Aggrt.  <date_mentioned n="05-23-1826">May 23,1826</date_mentioned>.</p>
	
<p>[Recorded numbers did not transfer into digital version for entire document - DML]</p>

<p><person_mentioned>Wm S Hall</person_mentioned></p>
<p><person_mentioned>H Chriesman</person_mentioned></p>
<p><person_mentioned>Lt Alley</person_mentioned></p>
<p><person_mentioned>Cap B Sims</person_mentioned></p>
<p>Whole Force</p>

				
<p><date_mentioned n="05-24-1826">May 24th</date_mentioned></p>
<p><person_mentioned>Wm Hall</person_mentioned>.............</p>
<p><person_mentioned>H. Chriesman</person_mentioned>........</p>
<p><person_mentioned>Lt. Alley</person_mentioned>...........</p>
<p><person_mentioned>Cap. B. Sims</person_mentioned>........</p>
									
	
<p><date_mentioned n="05-25-1826">25 May</date_mentioned>.</p>													
<p><person_mentioned>Wm. Hall</person_mentioned>.......</p>
<p><person_mentioned>H. Criesman</person_mentioned>.........</p>
<p><person_mentioned>Lt. Alley</person_mentioned>...........</p>
<p><person_mentioned>Cap. B. Sims</person_mentioned>.......</p>.
		

<p><date_mentioned n="05-26-1826">26 May</date_mentioned>,</p>			
<p><person_mentioned>Wm. Hall</person_mentioned>............</p>
<p><person_mentioned>H. Chrisman</person_mentioned>.........</p>
<p><person_mentioned>Lt. Alley</person_mentioned>...........</p>
<p><person_mentioned>Capt. B. Sims</person_mentioned>......</p>.

<p><date_mentioned n="05-27-1826">27 May.</date_mentioned></p>											
<p><person_mentioned>Wm. Hall</person_mentioned>............</p>													
<p><person_mentioned>H. Christman</person_mentioned>........	</p>						
<p><person_mentioned>Lt. Alley</person_mentioned>...........</p>
<p><person_mentioned>Capt. B. Sims</person_mentioned>.......</p>

<p><person_mentioned>Wm. Hall</person_mentioned>...........</p>
<p><person_mentioned>H. Christman</person_mentioned>.......</p>
<p><person_mentioned>Lt. Alley</person_mentioned>..........</p>
<p><person_mentioned>Capt. B. Sims</person_mentioned>......</p>
<p><person_mentioned>Wm. Hall</person_mentioned>..............</p>
											

<p><date_mentioned n="05-28-1826">28 May</date_mentioned>.</p>
<p><person_mentioned>H. Christman</person_mentioned>........</p>
<p><person_mentioned>Lt. Alley</person_mentioned>...........</p>
<p><person_mentioned>Capt. B. Sims</person_mentioned>.......</p>
<p><person_mentioned>Wm. Hall</person_mentioned>.......</p>
	
<p><date_mentioned n="05-29-1826">29 May</date_mentioned>.</p>
<p><person_mentioned>H. Christman</person_mentioned>.....</p>								
<p><person_mentioned>Lt. Alley</person_mentioned>..........</p>	
<p><person_mentioned>Capt. B. Sims</person_mentioned>......</p>
		
	


</div1>
</body>
</text>
</TEI.2>
