
<TEI.2 id="APB1198">
<project_title>Digital Stephen F. Austin Papers</project_title>
<project_editor>Andrew J. Torget</project_editor>

<document_creation>07-16-1826</document_creation>
<document_citation>Eugene Barker, ed., <hi rend="italic">Annual Report of the American Historical Association for the Year 1919: The Austin Papers</hi>, (Washington, D.C.: Government Printing Office, 1924), 3 vols., Vol 1, Part 2, pp. 1373</document_citation>
<document_language>English</document_language>
<document_status>Private</document_status>
<document_type>Letter</document_type>
<document_author>Samuel C. Hirams</document_author>
<document_sender></document_sender>
<document_recipient>Stephen F. Austin</document_recipient>
<document_title>Samuel C. Hirams to Stephen F. Austin, 07-16-1826</document_title>
<document_location>
	<sent_from>Harrisburg, Texas</sent_from>
	<sent_to>Unknown</sent_to>
</document_location>
<barker_notes>
	<barker_summary>Samuel C. Hirams to Austin, July 16, 1826.    Concerning house building.</barker_summary>
	<barker_footnotes></barker_footnotes>
	<barker_citation>Eugene Barker, ed., <hi rend="italic">Annual Report of the American Historical Association for the Year 1919: The Austin Papers</hi>, (Washington, D.C.: Government Printing Office, 1924), 3 vols., Vol 1, Part 2, pp. 1373</barker_citation>
</barker_notes>
<document_digital_creation>06-22-2010</document_digital_creation>

<respStmt>
<resp>Project Director and Editor: </resp> 
<name>Andrew J. Torget</name>
<resp>Creation of XML version: </resp>
<name>Debbie Liles</name>
</respStmt>
</titleStmt>

<text id="APB1198T">

<body>
<div1 type="summary">
<p>Samuel C. Hirams to Austin, July 16, 1826.    Concerning house building.</p>
</div1>

<div1 type="body">

<p><location_mentioned>Harrisburg </location_mentioned><date_mentioned n="07-16-1826">July 16th, 1826</date_mentioned></p>
<p>Dear sir</p>

<p>I wrote to you by <person_mentioned>Mr. Givens</person_mentioned>, but he went by the way of the <location_mentioned>Fort
settlement</location_mentioned>, and it may be some time before you get the letter.</p>

<p>in our calculation of the cost of your <location_mentioned>house</location_mentioned>, we forgot the shingles,
and putting them on. Also my <person_mentioned>sawyers </person_mentioned>that I thought of getting had
taken a job for <person_mentioned>Vince</person_mentioned>, and it will be two or three weeks before they are
done, after which time I will send them on to you.</p>

<p>I wish you to instruct me what to do about the approaching 
election in case <person_mentioned>Harris </person_mentioned>does not return. I have put up the advertisements
according to your instructions. Let me here from you by <person_mentioned>Dr. Kenny</person_mentioned>.
My respects to <person_mentioned>Majr. Burnett</person_mentioned> and <person_mentioned>Mr- Williams</person_mentioned>, and believe me to be
yours &.</p>

<p><person_mentioned>Saml C. Hirams</person_mentioned></p>

<p><person_mentioned>Col. Stephen F. Austin</person_mentioned>.</p>

</div1>
</body>
</text>
</TEI.2>
