
<TEI.2 id="APB1313">
<project_title>Digital Stephen F. Austin Papers</project_title>
<project_editor>Andrew J. Torget</project_editor>

<document_creation>10-31-1826</document_creation>
<document_citation>Eugene Barker, ed., <hi rend="italic">Annual Report of the American Historical Association for the Year 1919: The Austin Papers</hi>, (Washington, D.C.: Government Printing Office, 1924), 3 vols., Vol 1, Part 2, pp. 1484</document_citation>
<document_language>English</document_language>
<document_status>Private</document_status>
<document_type>Letter</document_type>
<document_author>Benjamin Deckerd</document_author>
<document_sender></document_sender>
<document_recipient>Stephen F. Austin</document_recipient>
<document_title>Benjamin Deckerd to Stephen F. Austin, 10-31-1826</document_title>
<document_location>
	<sent_from>Winchester, </sent_from>
	<sent_to>Unknown</sent_to>
</document_location>
<barker_notes>
	<barker_summary>Benjamin Deckerd to Austin, October 31, 1826.    Land business.</barker_summary>
	<barker_footnotes></barker_footnotes>
	<barker_citation>Eugene Barker, ed., <hi rend="italic">Annual Report of the American Historical Association for the Year 1919: The Austin Papers</hi>, (Washington, D.C.: Government Printing Office, 1924), 3 vols., Vol 1, Part 2, pp. 1484</barker_citation>
</barker_notes>
<document_digital_creation>07-15-2010</document_digital_creation>

<respStmt>
<resp>Project Director and Editor: </resp> 
<name>Andrew J. Torget</name>
<resp>Creation of XML version: </resp>
<name>Debbie Liles</name>
</respStmt>
</titleStmt>

<text id="APB1313T">

<body>
<div1 type="summary">
<p>Benjamin Deckerd to Austin, October 31, 1826.    Land business.</p>
</div1>

<div1 type="body">

<p><location_mentioned>Winchester </location_mentioned><date_mentioned n="10-31-1826">31st Octr 1826</date_mentioned></p>
<p><person_mentioned>Col Austin</person_mentioned></p>

<p>I am requested by old<person_mentioned> Mr. Thompson</person_mentioned> to inquire of you the 
situation of the <location_mentioned>land </location_mentioned>his <person_mentioned>son </person_mentioned>bought from <person_mentioned>William Pettis</person_mentioned>, his <person_mentioned>son </person_mentioned>died
before he got <location_mentioned>home </location_mentioned>and the titles to the <location_mentioned>Land </location_mentioned>has been sent to him
but they are written in Spanish and we have no one here who can
tell any thing about them the Old <person_mentioned>Gentleman </person_mentioned>has administered on
his <person_mentioned>sons </person_mentioned>estate and he wants to know in what manner he could convey
it should he make sale of it he also wants to know wether the <location_mentioned>Land</location_mentioned>
is in any danger of being forfeited and he also would like to have
the deed copyed in the English language if it is not too much trouble
and sent on to him. You can if convenient give the above information 
and direct your letter to me. and you will much oblige</p>

<p><person_mentioned>Benjamin Deckerd</person_mentioned></p>

</div1>
</body>
</text>
</TEI.2>
