
<TEI.2 id="APB1647">
<project_title>Digital Stephen F. Austin Papers</project_title>
<project_editor>Andrew J. Torget</project_editor>

<document_creation>11-29-1828</document_creation>
<document_citation>Eugene Barker, ed., <hi rend="italic">Annual Report of the American Historical Association for the Year 1922: The Austin Papers</hi>, (Washington, D.C.: Government Printing Office, 1928), 3 vols., Vol 2, pp. 148</document_citation>
<document_language>Unknown</document_language>
<document_status>Private</document_status>
<document_type>Letter</document_type>
<document_author>Juan Vicente Campos</document_author>
<document_sender></document_sender>
<document_recipient>Stephen F Austin</document_recipient>
<document_title>Juan Vicente Campos to Stephen F Austin, 11-29-1828</document_title>
<document_location>
	<sent_from>Saltillo, Coahuila</sent_from>
	<sent_to>Unknown</sent_to>
</document_location>
<barker_notes>
	<barker_summary>Juan Vicente Campos to Austin, Saltillo, November 29, 1828. Announcing his election to represent Coahuila and Texas in Congress and assuring Austin of his desire to promote interests of the colonies.    (Omitted.)</barker_summary>
	<barker_footnotes></barker_footnotes>
	<barker_citation>Eugene Barker, ed., <hi rend="italic">Annual Report of the American Historical Association for the Year 1919: The Austin Papers</hi>, (Washington, D.C.: Government Printing Office, 1924), 3 vols., Vol 1, Part 2, pp. 148</barker_citation>
</barker_notes>
<document_digital_creation>08-08-2010</document_digital_creation>

<respStmt>
<resp>Project Director and Editor: </resp> 
<name>Andrew J. Torget</name>
<resp>Creation of XML version: </resp>
<name>Debbie Liles</name>
</respStmt>
</titleStmt>

<text id="APB1647T">

<body>
<div1 type="summary">
<p>Juan Vicente Campos to Austin, Saltillo, November 29, 1828. Announcing his election to represent Coahuila and Texas in Congress and assuring Austin of his desire to promote interests of the colonies.    (Omitted.)</p>
</div1>

<div1 type="body">

<p><location_mentioned>Saltillo</location_mentioned>, <date_mentioned n="11-29-1828">November 29,1828</date_mentioned>.</p>
<p>See Calendar.</p>

</div1>
</body>
</text>
</TEI.2>
