
<TEI.2 id="APB1801">
<project_title>Digital Stephen F. Austin Papers</project_title>
<project_editor>Andrew J. Torget</project_editor>

<document_creation>11-30-1829</document_creation>
<document_citation>Eugene Barker, ed., <hi rend="italic">Annual Report of the American Historical Association for the Year 1922: The Austin Papers</hi>, (Washington, D.C.: Government Printing Office, 1928), 3 vols., Vol 2, pp. 294</document_citation>
<document_language>Unknown</document_language>
<document_status>Private</document_status>
<document_type>Letter</document_type>
<document_author>Philip Dimmitt</document_author>
<document_sender></document_sender>
<document_recipient>Stephen F Austin</document_recipient>
<document_title>Philip Dimmitt to Stephen F Austin, 11-30-1829</document_title>
<document_location>
	<sent_from>San Antonio, Texas</sent_from>
	<sent_to>Unknown</sent_to>
</document_location>
<barker_notes>
	<barker_summary>Philip Dimmitt to Austin, San Antonio, November 30, 1829. All the inhabitants of Bexar support Austin's stand on the rights of his colonists in the matter of slavery.    (Omitted.)</barker_summary>
	<barker_footnotes></barker_footnotes>
	<barker_citation>Eugene Barker, ed., <hi rend="italic">Annual Report of the American Historical Association for the Year 1919: The Austin Papers</hi>, (Washington, D.C.: Government Printing Office, 1924), 3 vols., Vol 1, Part 2, pp. 294</barker_citation>
</barker_notes>
<document_digital_creation>08-16-2010</document_digital_creation>

<respStmt>
<resp>Project Director and Editor: </resp> 
<name>Andrew J. Torget</name>
<resp>Creation of XML version: </resp>
<name>Debbie Liles</name>
</respStmt>
</titleStmt>

<text id="APB1801T">

<body>
<div1 type="summary">
<p>Philip Dimmitt to Austin, San Antonio, November 30, 1829. All the inhabitants of Bexar support Austin's stand on the rights of his colonists in the matter of slavery.    (Omitted.)</p>
</div1>

<div1 type="body">

<p><location_mentioned>San Antonio,</location_mentioned> <date_mentioned n="11-30-1829">November 30, 1829</date_mentioned>.</p>
<p>See Calendar.</p>

</div1>
</body>
</text>
</TEI.2>
