
<TEI.2 id="APB1034">
<project_title>Digital Stephen F. Austin Papers</project_title>
<project_editor>Andrew J. Torget</project_editor>

<document_creation>02-02-1825</document_creation>
<document_citation>Eugene Barker, ed., <hi rend="italic">Annual Report of the American Historical Association for the Year 1919: The Austin Papers</hi>, (Washington, D.C.: Government Printing Office, 1924), 3 vols., Vol 1, Part 2, pp. 1033-1034</document_citation>
<document_language>English</document_language>
<document_status>Private</document_status>
<document_type>Letter</document_type>
<document_author>Thomas Hooper</document_author>
<document_sender></document_sender>
<document_recipient>Stephen F. Austin(</document_recipient>
<document_title>Thomas Hooper to Stephen F. Austin, 02-02-1825</document_title>
<document_location>
	<sent_from>Alexandria, Louisiana</sent_from>
	<sent_to>Unknown</sent_to>
</document_location>
<barker_notes>
	<barker_summary>Thomas Hooper to Austin, February 2, 1825.   Emigration from Louisiana.</barker_summary>
	<barker_footnotes></barker_footnotes>
	<barker_citation>Eugene Barker, ed., <hi rend="italic">Annual Report of the American Historical Association for the Year 1919: The Austin Papers</hi>, (Washington, D.C.: Government Printing Office, 1924), 3 vols., Vol 1, Part 2, pp. 1033-1034</barker_citation>
</barker_notes>
<document_digital_creation>05-28-2010</document_digital_creation>

<respStmt>
<resp>Project Director and Editor: </resp> 
<name>Andrew J. Torget</name>
<resp>Creation of XML version: </resp>
<name>Debbie Liles</name>
</respStmt>
</titleStmt>

<text id="APB1034T">

<body>
<div1 type="summary">
<p>Thomas Hooper to Austin, February 2, 1825.   Emigration from Louisiana.</p>
</div1>

<div1 type="body">
<p><location_mentioned>Alexandria</location_mentioned> <date_mentioned n="02-02-1825">February the 2nd 1825</date_mentioned></p>
<p>Dear sir</p>

<p>I beg leave to introduce to your acquaintance <person_mentioned>Mr. J. H. Shropsher</person_mentioned>
an acquaintance of mine and who you will find to be a gentleman
he is going on to the <location_mentioned> enteria [interior]</location_mentioned> on a trading expedishion he
will want some infirmation of you which I hope you will give all
that you can as I feel much intrusted in his favour and in so 
doing you will confer a remembered [kindness.] Sir agreeable to
promis I expect to come to your <location_mentioned>cuntry</location_mentioned> and am happy to informe
that <person_mentioned>Majr- Thomas</person_mentioned> his <person_mentionedfather inlaw >Majr- Bullard</person_mentioned> and his <person_mentioned>brother</person_mentioned>
and <person_mentioned>Col. Cram</person_mentioned> of this place and two or three other <person_mentioned>gentlemen </person_mentioned>from<barker_pb n="1034"/>
this place will accompany me to look at your <location_mentioned>country </location_mentioned>I feel 
sattisfyed that I shall moove to your <location_mentioned>cuntry</location_mentioned> and beg leave to remind
of your promis to me respecting my land I hope you will he 
perticular in the choice of the <location_mentioned>leage down on the tide watter</location_mentioned> and get it
as low down as posable give my respects to <person_mentioned>Col Gross</person_mentioned> and <person_mentioned>family</person_mentioned>
if an opertunity permits

<p><person_mentioned>Thos Hooper</person_mentioned></p>

</div1>
</body>
</text>
</TEI.2>
