
<TEI.2 id="APB1008">
<project_title>Digital Stephen F. Austin Papers</project_title>
<project_editor>Andrew J. Torget</project_editor>

<document_creation>01-11-1825</document_creation>
<document_citation>Eugene Barker, ed., <hi rend="italic">Annual Report of the American Historical Association for the Year 1919: The Austin Papers</hi>, (Washington, D.C.: Government Printing Office, 1924), 3 vols., Vol 1, Part 2, pp. 1015</document_citation>
<document_language>English</document_language>
<document_status>Private</document_status>
<document_type>Letter</document_type>
<document_author>John P. Coles</document_author>
<document_sender></document_sender>
<document_recipient>Stephen F. Austin</document_recipient>
<document_title>John P. Coles to Stephen F. Austin, 01-11-1825</document_title>
<document_location>
	<sent_from>San Felipe de Austin, Texas</sent_from>
	<sent_to>San Felipe de Austin, Texas</sent_to>
</document_location>
<barker_notes>
	<barker_summary>John P. Coles to Austin, January 11, 1825.   Land transfers</barker_summary>
	<barker_footnotes></barker_footnotes>
	<barker_citation>Eugene Barker, ed., <hi rend="italic">Annual Report of the American Historical Association for the Year 1919: The Austin Papers</hi>, (Washington, D.C.: Government Printing Office, 1924), 3 vols., Vol 1, Part 2, pp. 1015</barker_citation>
</barker_notes>
<document_digital_creation>05-22-2010</document_digital_creation>

<respStmt>
<resp>Project Director and Editor: </resp> 
<name>Andrew J. Torget</name>
<resp>Creation of XML version: </resp>
<name>Debbie Liles</name>
</respStmt>
</titleStmt>

<text id="APB1008T">

<body>
<div1 type="summary">
<p>John P. Coles to Austin, January 11, 1825.   Land transfers</p>
</div1>

<div1 type="body">
<p><date_mentioned n="01-11-1825">11th January 1825</date_mentioned></p>
<p>Dear Sir</p>

<p>You will find inclosed the Transfer of <person_mentioned>Brooks</person_mentioned> to <person_mentioned>Speers</person_mentioned> the
original or the Coppy that was delivered to <person_mentioned>Brooks</person_mentioned> he carryed off
<person_mentioned>Speers</person_mentioned> has assigned his name on the note given by <person_mentioned>Brooks</person_mentioned> for
Sixty five dollars, to be paid in Specys It will be due next <date_mentioned n="10-xx-1826">October</date_mentioned>
the note I will hand to you on sight</p>

<p><person_mentioned>Jno P Coles</person_mentioned></p>
<p>[Addressed:] Col. <person_mentioned>S. F. Austin</person_mentioned> <location_mentioned>San filipe de Austin</location_mentioned> or <person_mentioned>Mr. Berry</person_mentioned>.</p>

</div1>
</body>
</text>
</TEI.2>
