
<TEI.2 id="APB1204">
<project_title>Digital Stephen F. Austin Papers</project_title>
<project_editor>Andrew J. Torget</project_editor>

<document_creation>07-18-1826</document_creation>
<document_citation>Eugene Barker, ed., <hi rend="italic">Annual Report of the American Historical Association for the Year 1919: The Austin Papers</hi>, (Washington, D.C.: Government Printing Office, 1924), 3 vols., Vol 1, Part 2, pp. 1377</document_citation>
<document_language>English</document_language>
<document_status>Private</document_status>
<document_type>Letter</document_type>
<document_author>Nicholas Whitehead</document_author>
<document_sender></document_sender>
<document_recipient>Stephen F. Austin</document_recipient>
<document_title>Nicholas Whitehead to Stephen F. Austin, 07-18-1826</document_title>
<document_location>
	<sent_from>Colorado, Texas</sent_from>
	<sent_to>Unknown</sent_to>
</document_location>
<barker_notes>
	<barker_summary>Nicholas Whitehead to Austin, July 18, 1826. Wishes to buy certain land,
paying in cotton and tobacco.</barker_summary>
	<barker_footnotes></barker_footnotes>
	<barker_citation>Eugene Barker, ed., <hi rend="italic">Annual Report of the American Historical Association for the Year 1919: The Austin Papers</hi>, (Washington, D.C.: Government Printing Office, 1924), 3 vols., Vol 1, Part 2, pp. 1377</barker_citation>
</barker_notes>
<document_digital_creation>06-23-2010</document_digital_creation>

<respStmt>
<resp>Project Director and Editor: </resp> 
<name>Andrew J. Torget</name>
<resp>Creation of XML version: </resp>
<name>Debbie Liles</name>
</respStmt>
</titleStmt>

<text id="APB1204T">

<body>
<div1 type="summary">
<p>Nicholas Whitehead to Austin, July 18, 1826. Wishes to buy certain land,
paying in cotton and tobacco.</p>
</div1>

<div1 type="body">

<p><location_mentioned>Colorado</location_mentioned>, <date_mentioned n="07-18-1826">July 18,1826</date_mentioned>.</p>
<p>Dear Sir</p>

<p>I have understood that you own <location_mentioned>one fourth of a league of land,
situated near Eagle lake</location_mentioned>, which land was formerly deeded to the late
<person_mentioned>Mr. McClain</person_mentioned>; if you are disposed to sell said land I would be very
glad to buy it, If you will sell it I could wish to know if you would
take cotton or tobacco, or any other kind of trade I could pay you, or
what price you would ask for it,�I have never yet got any land as a
<person_mentioned>settler</person_mentioned>; I should be glad to get the land alotted to me by the Govt,
on the <location_mentioned>rio Bacca</location_mentioned> if it may be convenient for me so to have it.�I have
been several times to see you about getting land, but have always
found you from <location_mentioned>home</location_mentioned></p>

<p>Will you be so good as to let me know what I may depend on 
concerning what I have written to you</p>

<p><person_mentioned>Nicholas Whitehead</person_mentioned>
</p>
<p><person_mentioned>Col. S. F. Austin</person_mentioned>. </p>     

</div1>
</body>
</text>
</TEI.2>
