
<TEI.2 id="APB1343">
<project_title>Digital Stephen F. Austin Papers</project_title>
<project_editor>Andrew J. Torget</project_editor>

<document_creation>03-10-1827</document_creation>
<document_citation>Eugene Barker, ed., <hi rend="italic">Annual Report of the American Historical Association for the Year 1919: The Austin Papers</hi>, (Washington, D.C.: Government Printing Office, 1924), 3 vols., Vol 1, Part 2, pp. 1612-1613</document_citation>
<document_language>English</document_language>
<document_status>private</document_status>
<document_type>Letter</document_type>
<document_author>William Scott</document_author>
<document_sender></document_sender>
<document_recipient>Stephen F. Austin</document_recipient>
<document_title>William Scott to Stephen F. Austin, 03-10-1827</document_title>
<document_location>
	<sent_from>Point Pleasant, Texas</sent_from>
	<sent_to>San Felipe de Austin, Texas</sent_to>
</document_location>
<barker_notes>
	<barker_summary>William Scott to Austin, March 10, 1827.   Judicial procedure.</barker_summary>
	<barker_footnotes></barker_footnotes>
	<barker_citation>Eugene Barker, ed., <hi rend="italic">Annual Report of the American Historical Association for the Year 1919: The Austin Papers</hi>, (Washington, D.C.: Government Printing Office, 1924), 3 vols., Vol 1, Part 2, pp. 1612-1613</barker_citation>
</barker_notes>
<document_digital_creation>07-19-2010</document_digital_creation>

<respStmt>
<resp>Project Director and Editor: </resp> 
<name>Andrew J. Torget</name>
<resp>Creation of XML version: </resp>
<name>Debbie Liles</name>
</respStmt>
</titleStmt>

<text id="APB1343T">

<body>
<div1 type="summary">
<p>William Scott to Austin, March 10, 1827.   Judicial procedure.</p>
</div1>

<div1 type="body">

<p><location_mentioned>Point pleasant</location_mentioned>.<date_mentioned n="03-10-1827"> March 10th 1827</date_mentioned>.</p>
<p>Dear sir</p>

<p>In discharge of my duity which Charity calls for to assist a pore
distresed and desolate <person_mentioned>widow </person_mentioned>with two <person_mentioned>orphants</person_mentioned>, who is toiling with
Industry to maintain <person_mentioned>herself </person_mentioned>and <person_mentioned>children </person_mentioned>her situation language<barker_pb n="1613"/>
can't Express and God above onley knows her suffering, to think
that <person_mentioned>Hunter </person_mentioned>should be permitted to destroy that pore unhapy <person_mentioned>woman</person_mentioned>
by his persuading her to take some medisin, and she was sworn on
trial, and she states that he was to cure her and the charge would not
exced seven Dollars, he state there was no contract, but swore to his
account and not supported by other evidence as I thought to find
a Judgement there appears that by some stratagim or other there is
an account put with the papers which was not on trial or before the
<person_mentioned>arbitrators </person_mentioned>for near $30. and upon what grounds the <person_mentioned>arbitrators</person_mentioned>
found a judgement I'm not able to judge, and at the rendition of
the judgement an appeal was applyed for and the aplycation Entered
I was to enter hir security, I started down to the coast and did not
get back as soon as I expected on account of the weather when I
returned the time of Ten days had relaps,d so that she cant get
an appeal, the <person_mentioned>Alcalda </person_mentioned>informs me. If I have under stood your
opinion we did not gow upon formality but to give Justice, and this
case calls for Justice your absence has stop,d the <person_mentioned>widow </person_mentioned>from seeing
you there can be more Evidence produced and when your honour
Has the depositions before you you will be the better <person_mentioned>judge</person_mentioned>, repoart
says [he] has produced to a petition to you that he is a sober <person_mentioned>man </person_mentioned>and
so fourth if so it is not correct, if you have formed a good opinion
of him you are mistaken in the man and you will be better informed
I remain your most obedient Hbl, St</p>

<p><person_mentioned>Wm Scott </person_mentioned>   [Rubric]</p>
<p>[Addressed:] <person_mentioned>Coln S. F. Austin</person_mentioned> <location_mentioned>San Philepi D Austin</location_mentioned></p>

</div1>
</body>
</text>
</TEI.2>
