
<TEI.2 id="APB1674">
<project_title>Digital Stephen F. Austin Papers</project_title>
<project_editor>Andrew J. Torget</project_editor>

<document_creation>01-27-1829</document_creation>
<document_citation>Eugene Barker, ed., <hi rend="italic">Annual Report of the American Historical Association for the Year 1922: The Austin Papers</hi>, (Washington, D.C.: Government Printing Office, 1928), 3 vols., Vol 2, pp. 163</document_citation>
<document_language>English</document_language>
<document_status>Private</document_status>
<document_type>Letter</document_type>
<document_author>Stephen F Austin</document_author>
<document_sender></document_sender>
<document_recipient>William Selkerk</document_recipient>
<document_title>Stephen F Austin to William Selkerk, 01-27-1829</document_title>
<document_location>
	<sent_from>Unknown</sent_from>
	<sent_to>Matagorda</sent_to>
</document_location>
<barker_notes>
	<barker_summary>Austin to William Selkirk, January 27, 1829.   Instructions for surveying.</barker_summary>
	<barker_footnotes></barker_footnotes>
	<barker_citation>Eugene Barker, ed., <hi rend="italic">Annual Report of the American Historical Association for the Year 1919: The Austin Papers</hi>, (Washington, D.C.: Government Printing Office, 1924), 3 vols., Vol 1, Part 2, pp. 163</barker_citation>
</barker_notes>
<document_digital_creation>08-10-2010</document_digital_creation>

<respStmt>
<resp>Project Director and Editor: </resp> 
<name>Andrew J. Torget</name>
<resp>Creation of XML version: </resp>
<name>Debbie Liles</name>
</respStmt>
</titleStmt>

<text id="APB1674T">

<body>
<div1 type="summary">
<p>Austin to William Selkirk, January 27, 1829.   Instructions for surveying.</p>
</div1>

<div1 type="body">

<p><person_mentioned>Mr. Selkerk </person_mentioned>or <person_mentioned>Weightman</person_mentioned></p>

<p>Dr Sir. We shall endeavor to find you at some place <location_mentioned>on the coast
</location_mentioned>and wish you to fire the <location_mentioned>prairie </location_mentioned>at different places as you go along�
In case we do not find you, I wish you to continue on the meanderings
to the <location_mentioned>forks </location_mentioned>of <person_mentioned>Karankawy</person_mentioned>, and then go to <location_mentioned><person_mentioned>John Brown</person_mentioned>s,</location_mentioned> where you
will find a letter of instructions                <person_mentioned>S. F. Austin </person_mentioned>   [Rubric]</p>

<p><location_mentioned><person_mentioned>Keller</person_mentioned>s</location_mentioned> <date_mentioned n="01-27-1829">Jany 27 1829</date_mentioned></p>

<p>[Addressed:] <person_mentioned>Mr. Wm. Selkerk</person_mentioned> or <person_mentioned>E. R. Weightman</person_mentioned> <location_mentioned>Matagorda</location_mentioned></p>

</div1>
</body>
</text>
</TEI.2>
