
<TEI.2 id="APB1699">
<project_title>Digital Stephen F. Austin Papers</project_title>
<project_editor>Andrew J. Torget</project_editor>

<document_creation>03-xx-1829</document_creation>
<document_citation>Eugene Barker, ed., <hi rend="italic">Annual Report of the American Historical Association for the Year 1922: The Austin Papers</hi>, (Washington, D.C.: Government Printing Office, 1928), 3 vols., Vol 2, pp. 199</document_citation>
<document_language>English</document_language>
<document_status>Private</document_status>
<document_type>Account</document_type>
<document_author>M B Nuckols</document_author>
<document_sender></document_sender>
<document_recipient>J E B Austin</document_recipient>
<document_title>M B Nuckols to J E B Austin, 03-xx-1829</document_title>
<document_location>
	<sent_from>Unknown</sent_from>
	<sent_to>Unknown</sent_to>
</document_location>
<barker_notes>
	<barker_summary>J. B. Austin in account with W. B. Nuckols. March �,  1829.    Price list.</barker_summary>
	<barker_footnotes></barker_footnotes>
	<barker_citation>Eugene Barker, ed., <hi rend="italic">Annual Report of the American Historical Association for the Year 1919: The Austin Papers</hi>, (Washington, D.C.: Government Printing Office, 1924), 3 vols., Vol 1, Part 2, pp. 199</barker_citation>
</barker_notes>
<document_digital_creation>08-10-2010</document_digital_creation>

<respStmt>
<resp>Project Director and Editor: </resp> 
<name>Andrew J. Torget</name>
<resp>Creation of XML version: </resp>
<name>Debbie Liles</name>
</respStmt>
</titleStmt>

<text id="APB1699T">

<body>
<div1 type="summary">
<p>J. B. Austin in account with W. B. Nuckols. March �,  1829.    Price list.</p>
</div1>

<div1 type="body">

<p><person_mentioned>James B. Austin</person_mentioned>,</p>

<p><date_mentioned n="xx-xx-1829">1829.</date_mentioned>                    To <person_mentioned>M B Nuckols  </person_mentioned>            Dr</p>

<p><date_mentioned n="03-xx-1829">March. </date_mentioned>  To one pot Rack-------------------------------2.50</p>

<p><date_mentioned n="03-xx-1829">"</date_mentioned>   one small pot---------1.12 1/2</p>

<p><date_mentioned n="03-xx-1829">" </date_mentioned>  one pair pot Hoocks--------- .75</p>

<p><date_mentioned n="03-xx-1829">"</date_mentioned>   one piggin-------- .50</p>

<p><date_mentioned n="03-xx-1829">"</date_mentioned>   one Griddle---------1.50</p>

<p>$6.37 1/2</p>


</div1>
</body>
</text>
</TEI.2>
