
<TEI.2 id="APB1684">
<project_title>Digital Stephen F. Austin Papers</project_title>
<project_editor>Andrew J. Torget</project_editor>

<document_creation>03-02-1829</document_creation>
<document_citation>Eugene Barker, ed., <hi rend="italic">Annual Report of the American Historical Association for the Year 1922: The Austin Papers</hi>, (Washington, D.C.: Government Printing Office, 1928), 3 vols., Vol 2, pp. 174-175</document_citation>
<document_language>English</document_language>
<document_status>Private</document_status>
<document_type>Letter</document_type>
<document_author>John A Williams</document_author>
<document_sender></document_sender>
<document_recipient>Stephen F Austin</document_recipient>
<document_title>John A Williams to Stephen F Austin, 03-02-1829</document_title>
<document_location>
	<sent_from>Pine Bluff, Texas</sent_from>
	<sent_to>Unknown</sent_to>
</document_location>
<barker_notes>
	<barker_summary>John A. Williams to Austin, March 2, 1829 Thanking Austin for assistance in getting land for settlers on the Trinity, and warning him against certain inhabitants of that section.</barker_summary>
	<barker_footnotes>A settlement of the Trinity River</barker_footnotes>
	<barker_citation>Eugene Barker, ed., <hi rend="italic">Annual Report of the American Historical Association for the Year 1919: The Austin Papers</hi>, (Washington, D.C.: Government Printing Office, 1924), 3 vols., Vol 1, Part 2, pp. 174-175</barker_citation>
</barker_notes>
<document_digital_creation>08-10-2010</document_digital_creation>

<respStmt>
<resp>Project Director and Editor: </resp> 
<name>Andrew J. Torget</name>
<resp>Creation of XML version: </resp>
<name>Debbie Liles</name>
</respStmt>
</titleStmt>

<text id="APB1684T">

<body>
<div1 type="summary">
<p>John A. Williams to Austin, March 2, 1829 Thanking Austin for assistance in getting land for settlers on the Trinity, and warning him against certain inhabitants of that section.</p>
</div1>

<div1 type="body">

<p><location_mentioned>Pine Bluff</location_mentioned> <date_mentioned n="03-02-1829">2nd March 1829</date_mentioned></p>
<p><person_mentioned>Col Austin</person_mentioned></p>

<p>Dr Sir. Your favour of the <date_mentioned n="01-31-1829">31st Jany</date_mentioned> came to hand and its 
contents has been duly considered, The course you propose for us to
persue relative to the <person_mentioned>commissioner </person_mentioned>accords with my opinion intirely
but my extreme bad health I fear will prevent my adopting the course
you have suggested</p>

<p>Permit me to inform you that the success which has crowned
your late efforts on the subject of our land petition has gained you
much applause among the <person_mentioned>inhabitants of <location_mentioned>Trinity</location_mentioned></person_mentioned>. But I fear it
will work a great injury to yourself at least, for new favours in the
opinion of the multitude beget new obligations, and as emty 
acknowledgments are the only tribute they expect will be exacted for the
important servises you have rendered, you may expect future 
aplications in abundence and perhaps I shall be the first to draw on your
benevolence <date_mentioned n="03-01-1829">yesterday </date_mentioned>one of the <person_mentioned>inhabitants of this <location_mentioned>vicinage</location_mentioned></person_mentioned>, and
soil [?] set out for the <location_mentioned>interior </location_mentioned>on some weighty mission, the object
of which I do not exactly comprehend, not belonging to their <person_mentioned>cabinet</person_mentioned>.
I have not been honoured with a sight of their embassage nor 
credentials but I expect they will stop at <location_mentioned>san Filipe </location_mentioned>and perhaps exhibit
their documents to you. The request I now have to make is this
that should this important personage honour you with a call, that
you receive him with just such marks of distinction as his 
occupation his station in life and the importance, or non importance of his<barker_pb n="175"/>
mission merits and no more, and further I would observe we wish the
great favour which the <person_mentioned>Mexican government </person_mentioned>has though[t] fit to
bestow upon us in granting us land to be caried into effect without
being contaminated with foul hands, I should not have said any
thing on this subject had it not been for the great industry, intreague
and management with which some petitions of sale has I am 
informed, have been goten up and Subscribers obtained</p>

<p><person_mentioned>Jno A. Williams </person_mentioned>   [Rubric]</p>

</div1>
</body>
</text>
</TEI.2>
