
<TEI.2 id="APB1438">
<project_title>Digital Stephen F. Austin Papers</project_title>
<project_editor>Andrew J. Torget</project_editor>

<document_creation>09-17-1827</document_creation>
<document_citation>Eugene Barker, ed., <hi rend="italic">Annual Report of the American Historical Association for the Year 1919: The Austin Papers</hi>, (Washington, D.C.: Government Printing Office, 1924), 3 vols., Vol 1, Part 2, pp. 1683</document_citation>
<document_language>English</document_language>
<document_status>Private</document_status>
<document_type>Letter</document_type>
<document_author>Jesse Thompson</document_author>
<document_sender></document_sender>
<document_recipient>J. E. B. Austin</document_recipient>
<document_title>Jesse Thompson to J. E. B. Austin, 09-17-1827</document_title>
<document_location>
	<sent_from>San Bernado, Texas</sent_from>
	<sent_to>San Felipe de Austin, Texas</sent_to>
</document_location>
<barker_notes>
	<barker_summary>Jesse Thompson to J. E. B. Austin, September 17, 1827. Asking the loan of 12 Spanish mares.</barker_summary>
	<barker_footnotes></barker_footnotes>
	<barker_citation>Eugene Barker, ed., <hi rend="italic">Annual Report of the American Historical Association for the Year 1919: The Austin Papers</hi>, (Washington, D.C.: Government Printing Office, 1924), 3 vols., Vol 1, Part 2, pp. 1683</barker_citation>
</barker_notes>
<document_digital_creation>07-26-2010</document_digital_creation>

<respStmt>
<resp>Project Director and Editor: </resp> 
<name>Andrew J. Torget</name>
<resp>Creation of XML version: </resp>
<name>Debbie Liles</name>
</respStmt>
</titleStmt>

<text id="APB1438T">

<body>
<div1 type="summary">
<p>Jesse Thompson to J. E. B. Austin, September 17, 1827. Asking the loan of 12 Spanish mares.</p>
</div1>

<div1 type="body">

<p><location_mentioned>San Bernado</location_mentioned><date_mentioned n="09-17-1827"> Sept 17 1827</date_mentioned></p>
<p>Dear Sir</p>

<p>on settlement I have fallen in debt to <person_mentioned>Thos. F. McKinney</person_mentioned> twelve
Spanish mares for which he has called on me he is leaving the
<location_mentioned>country </location_mentioned>and I am not prepared at present to meet the demand in
consequence of which I have taken the liberty of soliciting of you
the favour of discharging the demand for me by letting him have
the number above mentioned of mares for which you shall be amply
satisfied in a short time either by having the mares replaced or paid
for in any good property your compliance will releave a <person_mentioned>friend</person_mentioned>
of a considerable burden which otherwise he can not be relieved
from at this particularly important time and place me under lasting
obligations</p>

<p><person_mentioned>Jesse Thompson</person_mentioned> X his mark</p>

<p>[Addressed:]<person_mentioned> Mr. James B. Austin</person_mentioned> <location_mentioned>San Philipe</location_mentioned></p>

<p>Received from <person_mentioned>Jas. E. B. Austin </person_mentioned>Twelve Spanish Mares furnished
by <person_mentioned>Austin </person_mentioned>on account of <person_mentioned>Jesse Thompson</person_mentioned> of<location_mentioned> Austins Colony-</location_mentioned></p>
<p><location_mentioned>San felipe de Austin</location_mentioned> <date_mentioned n="09-19-1827">19 Septr. 1827</date_mentioned>�</p>
<p><person_mentioned>Thos. F. McKinney </person_mentioned>   [Rubric]</p>

</div1>
</body>
</text>
</TEI.2>
