
<TEI.2 id="APB1262">
<project_title>Digital Stephen F. Austin Papers</project_title>
<project_editor>Andrew J. Torget</project_editor>

<document_creation>08-25-1826</document_creation>
<document_citation>Eugene Barker, ed., <hi rend="italic">Annual Report of the American Historical Association for the Year 1919: The Austin Papers</hi>, (Washington, D.C.: Government Printing Office, 1924), 3 vols., Vol 1, Part 2, pp. 1439</document_citation>
<document_language>English</document_language>
<document_status>Private</document_status>
<document_type>Letter</document_type>
<document_author>H. H. League</document_author>
<document_sender></document_sender>
<document_recipient>Stephen F. Austin</document_recipient>
<document_title>H. H. League to Stephen F. Austin, 08-25-1826</document_title>
<document_location>
	<sent_from>Col. Groces, Texas</sent_from>
	<sent_to>Unknown</sent_to>
</document_location>
<barker_notes>
	<barker_summary>H. H. League to Austin, August 25, 1826. Asking information concerning the government.</barker_summary>
	<barker_footnotes></barker_footnotes>
	<barker_citation>Eugene Barker, ed., <hi rend="italic">Annual Report of the American Historical Association for the Year 1919: The Austin Papers</hi>, (Washington, D.C.: Government Printing Office, 1924), 3 vols., Vol 1, Part 2, pp. 1439</barker_citation>
</barker_notes>
<document_digital_creation>07-11-2010</document_digital_creation>

<respStmt>
<resp>Project Director and Editor: </resp> 
<name>Andrew J. Torget</name>
<resp>Creation of XML version: </resp>
<name>Debbie Liles</name>
</respStmt>
</titleStmt>

<text id="APB1262T">

<body>
<div1 type="summary">
<p>H. H. League to Austin, August 25, 1826. Asking information concerning the government.</p>
</div1>

<div1 type="body">

<p><location_mentioned>Colo. Grosses Mantion house</location_mentioned> the <date_mentioned n="08-25-1826">25 Aug 1826</date_mentioned></p>
<p><person_mentioned>Col. Stephen F. Austin</person_mentioned></p>

<p>D sir I left <location_mentioned>town </location_mentioned>without the pleasure of a Parting interview
with you. you were not at <location_mentioned>home </location_mentioned>when I called; on my departure
which I the more Regreted because I wished to have Solicited the
favour of you to communicate with me at <location_mentioned>Nashville </location_mentioned>concerning the
progress of the <location_mentioned>Colony </location_mentioned>in general; and also the measures adopted by
the Conventional and <person_mentioned>legislative councils</person_mentioned> of the <location_mentioned>State</location_mentioned>, any 
communication from you will be most thankfully Received, the health
of our <person_mentioned>company </person_mentioned>is increasing</p>

<p>god grant you many days�</p>

<p><person_mentioned>H. H. League</person_mentioned></p>

</div1>
</body>
</text>
</TEI.2>
