
<TEI.2 id="APB1041">
<project_title>Digital Stephen F. Austin Papers</project_title>
<project_editor>Andrew J. Torget</project_editor>

<document_creation>02-15-1825</document_creation>
<document_citation>Eugene Barker, ed., <hi rend="italic">Annual Report of the American Historical Association for the Year 1919: The Austin Papers</hi>, (Washington, D.C.: Government Printing Office, 1924), 3 vols., Vol 1, Part 2, pp. 1043-1044</document_citation>
<document_language>English</document_language>
<document_status>Private</document_status>
<document_type>Letter</document_type>
<document_author>William Anderson, </document_author>
<document_sender></document_sender>
<document_recipient>Stephen F. Austin</document_recipient>
<document_title>William Anderson  to Stephen F. Austin, 02-15-1825</document_title>
<document_location>
	<sent_from>Wilkenson County</sent_from>
	<sent_to>Unknown</sent_to>
</document_location>
<barker_notes>
	<barker_summary>William Anderson to Austin, Wilkinson County, Miss., February 15, 1825.Land.</barker_summary>
	<barker_footnotes></barker_footnotes>
	<barker_citation>Eugene Barker, ed., <hi rend="italic">Annual Report of the American Historical Association for the Year 1919: The Austin Papers</hi>, (Washington, D.C.: Government Printing Office, 1924), 3 vols., Vol 1, Part 2, pp. 1043-1044</barker_citation>
</barker_notes>
<document_digital_creation>05-29-2010</document_digital_creation>

<respStmt>
<resp>Project Director and Editor: </resp> 
<name>Andrew J. Torget</name>
<resp>Creation of XML version: </resp>
<name>Debbie Liles</name>
</respStmt>
</titleStmt>

<text id="APB1041T">

<body>
<div1 type="summary">
<p>William Anderson to Austin, Wilkinson County, Miss., February 15, 1825. Land.</p>
</div1>

<div1 type="body">
<p><location_mentioned>Wilkenson. C�- Miss.</location_mentioned> <date_mentioned n="02-15-1825">15 Feby 1825</date_mentioned>.</p>
<p><person_mentioned>Stephen F. Austin Esq.</person_mentioned></p>

<p>Dear Sir I avail myself of the return of <person_mentioned>Mr Huff</person_mentioned> to your
<location_mentioned>Settlement</location_mentioned>, to acknowledge the receipt of your communication to
me through him. I am extremely anxious to visit you and examine
the soil of your<location_mentioned> Lands</location_mentioned>, of which I have had the most favorable 
reports, and unless prevented by circumstances beyond control shall
have that pleasure, in the course of the coming <date_mentioned n="spring -1815">Spring</date_mentioned> or <date_mentioned n="Summer-1825">Summer</date_mentioned>,<barker_pb n="1044"/>
I shall come prepared to secure to myself your friendly offer of Land
and which you will please retain for me
</p>
<p><person_mentioned>WM- Anderson</person_mentioned></p>



</div1>
</body>
</text>
</TEI.2>
