
<TEI.2 id="APB1761">
<project_title>Digital Stephen F. Austin Papers</project_title>
<project_editor>Andrew J. Torget</project_editor>

<document_creation>09-10-1829</document_creation>
<document_citation>Eugene Barker, ed., <hi rend="italic">Annual Report of the American Historical Association for the Year 1922: The Austin Papers</hi>, (Washington, D.C.: Government Printing Office, 1928), 3 vols., Vol 2, pp. 257</document_citation>
<document_language>English</document_language>
<document_status>Private</document_status>
<document_type>Letter</document_type>
<document_author>John Austin</document_author>
<document_sender></document_sender>
<document_recipient>Stephen F Austin</document_recipient>
<document_title>John Austin to Stephen F Austin, 09-10-1829</document_title>
<document_location>
	<sent_from>Brasoria, Texas</sent_from>
	<sent_to></sent_to>
</document_location>
<barker_notes>
	<barker_summary>John Austin to Austin, Brazoria, September 1O, 1829. Settlement of estate of J. E. B. Austin.    (Omitted.)</barker_summary>
	<barker_footnotes></barker_footnotes>
	<barker_citation>Eugene Barker, ed., <hi rend="italic">Annual Report of the American Historical Association for the Year 1919: The Austin Papers</hi>, (Washington, D.C.: Government Printing Office, 1924), 3 vols., Vol 1, Part 2, pp. 257</barker_citation>
</barker_notes>
<document_digital_creation>08-13-2010</document_digital_creation>

<respStmt>
<resp>Project Director and Editor: </resp> 
<name>Andrew J. Torget</name>
<resp>Creation of XML version: </resp>
<name>Debbie Liles</name>
</respStmt>
</titleStmt>

<text id="APB1761T">

<body>
<div1 type="summary">
<p>John Austin to Austin, Brazoria, September 1O, 1829. Settlement of estate of J. E. B. Austin.    (Omitted.)</p>
</div1>

<div1 type="body">

<p>Brazoria,<date_mentioned n="09-10-1829"> September 10, 1829</date_mentioned>.</p>
<p>See Calendar</p>.

</div1>
</body>
</text>
</TEI.2>
