
<TEI.2 id="APB1413">
<project_title>Digital Stephen F. Austin Papers</project_title>
<project_editor>Andrew J. Torget</project_editor>

<document_creation>06-16-827</document_creation>
<document_citation>Eugene Barker, ed., <hi rend="italic">Annual Report of the American Historical Association for the Year 1919: The Austin Papers</hi>, (Washington, D.C.: Government Printing Office, 1924), 3 vols., Vol 1, Part 2, pp. 1658-1659</document_citation>
<document_language>English</document_language>
<document_status>Private</document_status>
<document_type>Letter</document_type>
<document_author>Robert D. Dawson</document_author>
<document_sender>Postmaster at Nachitoches, Louisiana</document_sender>
<document_recipient>Stephen F. Austin</document_recipient>
<document_title>Robert D. Dawson to Stephen F. Austin, 06-16-827</document_title>
<document_location>
	<sent_from>New Madrid, Missouri</sent_from>
	<sent_to>Austin's Colony, Province of Texas</sent_to>
</document_location>
<barker_notes>
	<barker_summary>Robert D. Dawson to Austin, June 16, 1827.    Concerning collection of a note.</barker_summary>
	<barker_footnotes></barker_footnotes>
	<barker_citation>Eugene Barker, ed., <hi rend="italic">Annual Report of the American Historical Association for the Year 1919: The Austin Papers</hi>, (Washington, D.C.: Government Printing Office, 1924), 3 vols., Vol 1, Part 2, pp. 1658-1659</barker_citation>
</barker_notes>
<document_digital_creation>07-25-2010</document_digital_creation>

<respStmt>
<resp>Project Director and Editor: </resp> 
<name>Andrew J. Torget</name>
<resp>Creation of XML version: </resp>
<name>Debbie Liles</name>
</respStmt>
</titleStmt>

<text id="APB1413T">

<body>
<div1 type="summary">
<p>Robert D. Dawson to Austin, June 16, 1827.    Concerning collection of a note.</p>
</div1>

<div1 type="body">

<p><location_mentioned>New Madrid. Mri</location_mentioned> <date_mentioned n="06-16-1827">June 16th 1827</date_mentioned></p>
<p>Dear Sir</p>

<p>You would no doubt pardon an old <person_mentioned>acquaintance </person_mentioned>under any 
circumstances for presuming to write to you without prefacing his
communication with " Your Excellency &c &c &c but really and in
truth I am not so Democratical in my feelings as to omit to give
you your just and proper title from any repugnance of feeling but
simply because I am ignorant of the title you really bear and beg
you on this ground to excuse me</p>

<p>A friend of mine <person_mentioned>Mr. Alexander La forge</person_mentioned> in a settlement with
<person_mentioned>George Tennille</person_mentioned> some years ago obtain'd from him by assignment
a note drawn in his favour by you for $1500.00 given as is 
undestood by <person_mentioned>Mr Laforge</person_mentioned> in consideration of the purchace by you of some
<location_mentioned>land </location_mentioned>from said <person_mentioned>Tennille</person_mentioned>, <person_mentioned>Mr Laforge</person_mentioned> is anxious to know whether he
may justly entertain the expectation that you will ultimately redeem
this obligation, and if so when and how it is contemplated to be
done. He suffered greatly by <person_mentioned>Tennille</person_mentioned> whose obligation he now
holds for a considerable amount independent of the note assigned
him on you, and being in moderate circumstances only with a young
and increasing <person_mentioned>family </person_mentioned>would be greatly benefitted by the receipt of
the amount appearing to be due him by you.   On this subject he<barker_pb n="1659"/>
has frequently conversed with me and I have constantly assured him
of my firm belief that if the debt was considered just by you�you
would make no difficulty whatever in the payment of it whenever
your means would enable you to do so. This cannot now be doubted
as from the best information we are able to obtain the success of
your <location_mentioned>colony </location_mentioned>is beyond a doubt, and if rightly judged of here must
long ere this have secured you wealth in as great abundance as you
have honors in your New Government</p>

<p>You will confer a particular favor on me and render <person_mentioned>Mr Laforge</person_mentioned>
a great kindness if you will write me fully on this subject as early
as your convenience will permit and in addition my obligation will
be heightened by the receipt of any information of the condition of
your <location_mentioned>colony</location_mentioned>�province and Government which you may deem worthy
of communication to an old acquaintance and friend</p>

<p><person_mentioned>Robt D Dawson</person_mentioned></p>

<p>The <location_mentioned>Postmaster at Natchetoches</location_mentioned> will confer a favour on the writer
of this if he will forward this to its place of Destination by mail if
there is any, if not by any safe private conveyance as early as 
possible.</p>

<p>[Addressed:] <location_mentioned>New Madrid</location_mentioned> <date_mentioned n="06-17-1827">June 17th </date_mentioned><person_mentioned>Stephen F Austin</person_mentioned> <location_mentioned>Austin's
Colony Province of Texas</location_mentioned></p>


</div1>
</body>
</text>
</TEI.2>
