
<TEI.2 id="APB1470">
<project_title>Digital Stephen F. Austin Papers</project_title>
<project_editor>Andrew J. Torget</project_editor>

<document_creation>xx-xx-1827</document_creation>
<document_citation>Eugene Barker, ed., <hi rend="italic">Annual Report of the American Historical Association for the Year 1919: The Austin Papers</hi>, (Washington, D.C.: Government Printing Office, 1924), 3 vols., Vol 1, Part 2, pp. 1731</document_citation>
<document_language>English</document_language>
<document_status>Private</document_status>
<document_type>Account information</document_type>
<document_author>Stephen F. Austin</document_author>
<document_sender></document_sender>
<document_recipient>Dillard</document_recipient>
<document_title>Stephen F. Austin to Dillard, xx-xx-1827</document_title>
<document_location>
	<sent_from>Unknown</sent_from>
	<sent_to>Unknown</sent_to>
</document_location>
<barker_notes>
	<barker_summary>Austin in account with N. Dillard, December �, 1827.   Price list.</barker_summary>
	<barker_footnotes></barker_footnotes>
	<barker_citation>Eugene Barker, ed., <hi rend="italic">Annual Report of the American Historical Association for the Year 1919: The Austin Papers</hi>, (Washington, D.C.: Government Printing Office, 1924), 3 vols., Vol 1, Part 2, pp. 1731</barker_citation>
</barker_notes>
<document_digital_creation>07-26-2010</document_digital_creation>

<respStmt>
<resp>Project Director and Editor: </resp> 
<name>Andrew J. Torget</name>
<resp>Creation of XML version: </resp>
<name>Debbie Liles</name>
</respStmt>
</titleStmt>

<text id="APB1470T">

<body>
<div1 type="summary">
<p>Austin in account with N. Dillard, December �, 1827.   Price list.</p>
</div1>

<div1 type="body">

<p><person_mentioned>Stephen F. Austin</person_mentioned> In a/c. with <person_mentioned>N. Dillard</person_mentioned></p>
<p><date_mentioned n="xx-xx-1827">1827</date_mentioned></p>

<p>To one Beaver Hat----------------------------------------------------------------------  $15.00</p>

<p>To one Cloak___________________________________________________    30.00</p>

<p>To one piece of <location_mentioned>Irish </location_mentioned>linen------------------   19. 50</p>

<p>To 3 yds <location_mentioned>Irish </location_mentioned>Sheeting /2/---------------------------------  6. 00</p>

<p>To Sugar-----------------------  50.00</p>

<p>$120. 50</p>

<p>Error in Linen---------------------     8. 50</p>

<p>$129. 00</p>

</div1>
</body>
</text>
</TEI.2>
