
<TEI.2 id="APB1295">
<project_title>Digital Stephen F. Austin Papers</project_title>
<project_editor>Andrew J. Torget</project_editor>

<document_creation>10-03-1826</document_creation>
<document_citation>Eugene Barker, ed., <hi rend="italic">Annual Report of the American Historical Association for the Year 1919: The Austin Papers</hi>, (Washington, D.C.: Government Printing Office, 1924), 3 vols., Vol 1, Part 2, pp. 1470</document_citation>
<document_language>English</document_language>
<document_status>Private</document_status>
<document_type>letter</document_type>
<document_author>Samuel Norris</document_author>
<document_sender></document_sender>
<document_recipient>Stephen F. Austin</document_recipient>
<document_title>Samuel Norris to Stephen F. Austin, 10-03-1826</document_title>
<document_location>
	<sent_from>Nacogdoches, Texas</sent_from>
	<sent_to>Unknown</sent_to>
</document_location>
<barker_notes>
	<barker_summary>Samuel Norris to Austin, October 3, 1826.    Conditions in east Texas.</barker_summary>
	<barker_footnotes></barker_footnotes>
	<barker_citation>Eugene Barker, ed., <hi rend="italic">Annual Report of the American Historical Association for the Year 1919: The Austin Papers</hi>, (Washington, D.C.: Government Printing Office, 1924), 3 vols., Vol 1, Part 2, pp. 1470</barker_citation>
</barker_notes>
<document_digital_creation>07-13-2010</document_digital_creation>

<respStmt>
<resp>Project Director and Editor: </resp> 
<name>Andrew J. Torget</name>
<resp>Creation of XML version: </resp>
<name>Debbie Liles</name>
</respStmt>
</titleStmt>

<text id="APB1295T">

<body>
<div1 type="summary">
<p>Samuel Norris to Austin, October 3, 1826.    Conditions in east Texas.</p>
</div1>

<div1 type="body">

<p><location_mentioned>Nacogdoches </location_mentioned><date_mentioned n="10-03-1826">October 3rd 1826</date_mentioned></p>
<p><person_mentioned>Col Steven F Austin</person_mentioned></p>

<p>Sir I recd your letter of the <date_mentioned n="09-10-1826">10th</date_mentioned> wherein you state I 
missunderstood your meaning about gains if I did I am quite happy to say I
am truely glad as I know he has stated nothing against those 
<person_mentioned>inhabitants </person_mentioned>except he has pass it round this <location_mentioned>place </location_mentioned>and I know him to be
a man of more sense he has his <person_mentioned>enemys </person_mentioned>as we all have his reports
to Government has been in their favour of them <person_mentioned>inhabitants </person_mentioned>untiil
they came out in a verry singular way and then he did not report
them</p>

<p>you say as you have informed you must know any person 
disapointed will be offended hear boath sides then you can better
Judge</p>

<p>sir you may with all confidence say any thing that may be for the
good of the <person_mentioned>inhabitants </person_mentioned>of either place</p>

<p>I can inform you that the <person_mentioned>Cheriches [Cherokees]</person_mentioned> has obtained
permition to go and fight the <person_mentioned>hostile Indians</person_mentioned> and suppose they will
be soon of [f] in pesuit of them if they if any quantity should go I
will let you know</p>

<p>Sir you may at all times with all confidence I will assist your
recommended <person_mentioned>friends </person_mentioned>in [any way] I can that is in my power 
acording to law</p>

<p><person_mentioned>Samuel Norris </person_mentioned>   [Rubric]</p>


</div1>
</body>
</text>
</TEI.2>
