
<TEI.2 id="APB1453">
<project_title>Digital Stephen F. Austin Papers</project_title>
<project_editor>Andrew J. Torget</project_editor>

<document_creation>11-07-1827</document_creation>
<document_citation>Eugene Barker, ed., <hi rend="italic">Annual Report of the American Historical Association for the Year 1919: The Austin Papers</hi>, (Washington, D.C.: Government Printing Office, 1924), 3 vols., Vol 1, Part 2, pp. 1706-1707</document_citation>
<document_language>English</document_language>
<document_status>Private</document_status>
<document_type>Letter</document_type>
<document_author>John Gibson</document_author>
<document_sender></document_sender>
<document_recipient>J.E.B. Austin</document_recipient>
<document_title>John Gibson to J.E.B. Austin, 11-07-1827</document_title>
<document_location>
	<sent_from>Rio La Vaca, Texas</sent_from>
	<sent_to>Unknown</sent_to>
</document_location>
<barker_notes>
	<barker_summary>John Gibson to J. E. B. Austin, November 7, 1827.</barker_summary>
	<barker_footnotes></barker_footnotes>
	<barker_citation>Eugene Barker, ed., <hi rend="italic">Annual Report of the American Historical Association for the Year 1919: The Austin Papers</hi>, (Washington, D.C.: Government Printing Office, 1924), 3 vols., Vol 1, Part 2, pp. 1706-1707</barker_citation>
</barker_notes>
<document_digital_creation>07-26-2010</document_digital_creation>

<respStmt>
<resp>Project Director and Editor: </resp> 
<name>Andrew J. Torget</name>
<resp>Creation of XML version: </resp>
<name>Debbie Liles</name>
</respStmt>
</titleStmt>

<text id="APB1453T">

<body>
<div1 type="summary">
<p>John Gibson to J. E. B. Austin, November 7, 1827.</p>
</div1>

<div1 type="body">

<p><location_mentioned>Rio La Vaca</location_mentioned> <date_mentioned n="11-07-1827">November 7th 1827.</date_mentioned></p>
<p>Dear Sir,</p>

<p>I send a few things to the <location_mentioned>Brasos </location_mentioned>by <person_mentioned>Mr. Alley</person_mentioned> to be stored until
my arrival which will be within <date_mentioned n="11-22-1827">fifteen days from the present date</date_mentioned>.<barker_pb n="1707"/>
<person_mentioned>Mr James Kerr</person_mentioned> was good enough to give me  a few Lines to you 
which you have in the <location_mentioned>Bundle of Letters</location_mentioned>.</p>

<p>Should there be any <person_mentioned>Persons of trust</person_mentioned> going by the way of 
<location_mentioned>Natchitoches </location_mentioned>to the<location_mentioned> United States</location_mentioned> � be Pleased to forward this <location_mentioned>Packet of letters</location_mentioned> by them to be Mailed at that Place</p>.

<p><person_mentioned>John Gibson </person_mentioned>   [Rubric]</p>

<p>[Addressed:] <person_mentioned>Jas. B. Austin</person_mentioned>.</p>

</div1>
</body>
</text>
</TEI.2>
