
<TEI.2 id="APB1067">
<project_title>Digital Stephen F. Austin Papers</project_title>
<project_editor>Andrew J. Torget</project_editor>

<document_creation>03-2601825</document_creation>
<document_citation>Eugene Barker, ed., <hi rend="italic">Annual Report of the American Historical Association for the Year 1919: The Austin Papers</hi>, (Washington, D.C.: Government Printing Office, 1924), 3 vols., Vol 1, Part 2, pp. 1062-1063</document_citation>
<document_language>English</document_language>
<document_status>Private</document_status>
<document_type>Letter</document_type>
<document_author>John P. Coles</document_author>
<document_sender></document_sender>
<document_recipient>Stephen F. Austin</document_recipient>
<document_title>John P. Coles to Stephen F. Austin, 03-2601825</document_title>
<document_location>
	<sent_from>Unknown</sent_from>
	<sent_to>Unknown</sent_to>
</document_location>
<barker_notes>
	<barker_summary>John P. Coles to Austin, March 26, 1825.   Land business.</barker_summary>
	<barker_footnotes></barker_footnotes>
	<barker_citation>Eugene Barker, ed., <hi rend="italic">Annual Report of the American Historical Association for the Year 1919: The Austin Papers</hi>, (Washington, D.C.: Government Printing Office, 1924), 3 vols., Vol 1, Part 2, pp. 1062-1063</barker_citation>
</barker_notes>
<document_digital_creation>06-01-2010</document_digital_creation>

<respStmt>
<resp>Project Director and Editor: </resp> 
<name>Andrew J. Torget</name>
<resp>Creation of XML version: </resp>
<name>Debbie Liles</name>
</respStmt>
</titleStmt>

<text id="APB1067T">

<body>
<div1 type="summary">
<p>John P. Coles to Austin, March 26, 1825.   Land business.</p>
</div1>

<div1 type="body">
<p><date_mentioned n="03-26-1825">March 26th 1825</date_mentioned></p>
<p>Dear Sir</p>

<p>Inclosed you will find the plat of <person_mentioned>Mr- James Hope</person_mentioned>s Tract of Land
he has Exchanged the Tract of Land which was Intended for him<barker_pb n="1063"/>
above to <person_mentioned>Mr. Beauford Brooks</person_mentioned> for <location_mentioned>Brooks League</location_mentioned> <location_mentioned>adjoining the
town Tract</location_mentioned> as you will perceive So you will arrange the League
of Land which was surveyed in the name of<person_mentioned> King</person_mentioned> for <person_mentioned>Mr. Beauford
Brooks</person_mentioned> they wish their deed as soon as you can get them made
out and send them up<person_mentioned> Mr. Hope</person_mentioned> wishes to get the <location_mentioned>vacant Land
that Lyes below <person_mentioned>Mr. Williams</person_mentioned>�adjoining <person_mentioned>Fisher</person_mentioned> </location_mentioned>I suppose there
may be a quarter Leage of it If you think proper to let him have
it you hav probably an account of its situation in the office so that
you can deed it to him without any further survey If you 
cannot let me know and I will have It Run out� he also 
understood that there is some vacancy on <location_mentioned>Mill Creek</location_mentioned> <location_mentioned>above the Mill 
Tract</location_mentioned> he is desirous to get a Leage there If he can he says that
he has a Large <person_mentioned>family</person_mentioned> and feels desirous to procure as much Land
for them as posible as to the last Bequest you will doo as you think
proper I wish you to make out the <location_mentioned>Town Tract</location_mentioned> in <person_mentioned>Brook</person_mentioned>s deed
or <person_mentioned>Mr. Hope</person_mentioned>s which Ever is moust convenient you will find 
inclosed the survey of the two Labours
</p>
<person_mentioned>Jno P. Coles</person_mentioned>    [Rubric]

</div1>
</body>
</text>
</TEI.2>
