
<TEI.2 id="APB1468">
<project_title>Digital Stephen F. Austin Papers</project_title>
<project_editor>Andrew J. Torget</project_editor>

<document_creation>12-21-1827</document_creation>
<document_citation>Eugene Barker, ed., <hi rend="italic">Annual Report of the American Historical Association for the Year 1919: The Austin Papers</hi>, (Washington, D.C.: Government Printing Office, 1924), 3 vols., Vol 1, Part 2, pp. 1731</document_citation>
<document_language>English</document_language>
<document_status>Unknown</document_status>
<document_type>Letter of Character for Austin</document_type>
<document_author>Ignacio de Arispe</document_author>
<document_sender></document_sender>
<document_recipient>Unknown</document_recipient>
<document_title>Ignacio de Arispe to Unknown, 12-21-1827</document_title>
<document_location>
	<sent_from>Saltillo, Texas</sent_from>
	<sent_to>Unknown</sent_to>
</document_location>
<barker_notes>
	<barker_summary>Ignacio de Arispe to---------, December 21, 1827.   Certifying the high character and loyalty of Austin.</barker_summary>
	<barker_footnotes></barker_footnotes>
	<barker_citation>Eugene Barker, ed., <hi rend="italic">Annual Report of the American Historical Association for the Year 1919: The Austin Papers</hi>, (Washington, D.C.: Government Printing Office, 1924), 3 vols., Vol 1, Part 2, pp. 1731</barker_citation>
</barker_notes>
<document_digital_creation>07-26-2010</document_digital_creation>

<respStmt>
<resp>Project Director and Editor: </resp> 
<name>Andrew J. Torget</name>
<resp>Creation of XML version: </resp>
<name>Debbie Liles</name>
</respStmt>
</titleStmt>

<text id="APB1468T">

<body>
<div1 type="summary">
<p>Ignacio de Arispe to---------, December 21, 1827.   Certifying the high character and loyalty of Austin.</p>
</div1>

<div1 type="body">

<p>I, the <person_mentioned>citizen Ignacio de Arispe</person_mentioned>, hereby duly certify: That during
the time I was <person_mentioned>governor pro:tem</person_mentioned>, of this <location_mentioned>State</location_mentioned>, <person_mentioned>citizen Stephen F.
Austin, empresario</person_mentioned> of a colony in the <location_mentioned>department of Texas</location_mentioned>, obtained
the highest opinion from the Government for his honor, love to his
country and perfect discharge of the duties of his enterprise�</p>

<p>The same <person_mentioned>citizen Stephen F. Austin</person_mentioned> contributed most eficaciously
placing himself at the head of his <person_mentioned>colonists </person_mentioned>in beating the <person_mentioned>rebels </person_mentioned>of
<location_mentioned>Nacogdoches </location_mentioned>in the <date_mentioned n="01-xx-1827">month of January of the present year</date_mentioned>, having
united his <person_mentioned>forces </person_mentioned>to the <person_mentioned>Mexican troops</person_mentioned> by which movement their
dispersion was obtained, and the death of several of their <person_mentioned>ringleaders</person_mentioned>,
by which the order and tranquility of the <location_mentioned>frontier </location_mentioned>were restored.</p>

<p>And I give the present document for the purposes of the interested
person in the Villa of <location_mentioned>Saltillo </location_mentioned>on the <date_mentioned n="12-21-1827">21st Dec'r 1827</date_mentioned>�</p>

<p>Signd            <person_mentioned>Ignacio de Arispe</person_mentioned></p>

</div1>
</body>
</text>
</TEI.2>
