
<TEI.2 id="APB1286">
<project_title>Digital Stephen F. Austin Papers</project_title>
<project_editor>Andrew J. Torget</project_editor>

<document_creation>09-19-1826</document_creation>
<document_citation>Eugene Barker, ed., <hi rend="italic">Annual Report of the American Historical Association for the Year 1919: The Austin Papers</hi>, (Washington, D.C.: Government Printing Office, 1924), 3 vols., Vol 1, Part 2, pp. 1458-1459</document_citation>
<document_language>English</document_language>
<document_status>Private</document_status>
<document_type>Letter</document_type>
<document_author>James Cummins</document_author>
<document_sender></document_sender>
<document_recipient>Stephen F. Austin</document_recipient>
<document_title>James Cummins to Stephen F. Austin, 09-19-1826</document_title>
<document_location>
	<sent_from>Colorado, Texas</sent_from>
	<sent_to>Unknown</sent_to>
</document_location>
<barker_notes>
	<barker_summary>James Cummins to Austin, September 19, 1826.   Lost horse.</barker_summary>
	<barker_footnotes></barker_footnotes>
	<barker_citation>Eugene Barker, ed., <hi rend="italic">Annual Report of the American Historical Association for the Year 1919: The Austin Papers</hi>, (Washington, D.C.: Government Printing Office, 1924), 3 vols., Vol 1, Part 2, pp. 1458-1459</barker_citation>
</barker_notes>
<document_digital_creation>07-13-2010</document_digital_creation>

<respStmt>
<resp>Project Director and Editor: </resp> 
<name>Andrew J. Torget</name>
<resp>Creation of XML version: </resp>
<name>Debbie Liles</name>
</respStmt>
</titleStmt>

<text id="APB1286T">

<body>
<div1 type="summary">
<p>James Cummins to Austin, September 19, 1826.   Lost horse.</p>
</div1>

<div1 type="body">

<p><location_mentioned>Colorado </location_mentioned><date_mentioned n="09-19-1826">Sept 19th 1826</date_mentioned></p>
<p>Dear Sir   with Respect to the Horse that <person_mentioned>Clement Delgado</person_mentioned> Claims
that he says was Sold in this <location_mentioned>neighbourhood </location_mentioned>I have done every thing
in my power to find but Cannot find him nor find who had the<barker_pb n="1459"/>
Horse in possession if there ever was Such a Horse here�but I yet
will try to find the said Horse if I Can though I believe it will be
entirely out of my power you will be so good as to tell the <person_mentioned>bearor</person_mentioned>
that if I do find him or who might have had the said Horse that the
said <person_mentioned>Delgado </person_mentioned>Shall have the Horse or the value thereof</p>

<p><person_mentioned>James Cummins </person_mentioned>   [Rubric]</p>
<p><person_mentioned>Colo Stephen F Austin</person_mentioned></p>


</div1>
</body>
</text>
</TEI.2>
