
<TEI.2 id="APB1405">
<project_title>Digital Stephen F. Austin Papers</project_title>
<project_editor>Andrew J. Torget</project_editor>

<document_creation>06-03-1827</document_creation>
<document_citation>Eugene Barker, ed., <hi rend="italic">Annual Report of the American Historical Association for the Year 1919: The Austin Papers</hi>, (Washington, D.C.: Government Printing Office, 1924), 3 vols., Vol 1, Part 2, pp. 1655-1656</document_citation>
<document_language>English</document_language>
<document_status>Private</document_status>
<document_type>Letter</document_type>
<document_author>S. T. Angier</document_author>
<document_sender></document_sender>
<document_recipient>Stephen F. Austin</document_recipient>
<document_title>S. T. Angier to Stephen F. Austin, 06-03-1827</document_title>
<document_location>
	<sent_from>Unknown</sent_from>
	<sent_to>Unknown</sent_to>
</document_location>
<barker_notes>
	<barker_summary>[S. T.] Angier to Austin, June 3, 1827.   Application for land.</barker_summary>
	<barker_footnotes></barker_footnotes>
	<barker_citation>Eugene Barker, ed., <hi rend="italic">Annual Report of the American Historical Association for the Year 1919: The Austin Papers</hi>, (Washington, D.C.: Government Printing Office, 1924), 3 vols., Vol 1, Part 2, pp. 1655-1656</barker_citation>
</barker_notes>
<document_digital_creation>07-24-2010</document_digital_creation>

<respStmt>
<resp>Project Director and Editor: </resp> 
<name>Andrew J. Torget</name>
<resp>Creation of XML version: </resp>
<name>Debbie Liles</name>
</respStmt>
</titleStmt>

<text id="APB1405T">

<body>
<div1 type="summary">
<p>[S. T.] Angier to Austin, June 3, 1827.   Application for land.</p>
</div1>

<div1 type="body">

<p><date_mentioned n="06-03-1827">June 3d 1827</date_mentioned>.</p>

<p>Sir, I have visited the lands on <location_mentioned>Chocolate Bayou</location_mentioned> at The 
request of <person_mentioned>Mr J. B. Hall</person_mentioned>; and Think a league can be obtained, having
Timber suitable for lumber; and a water privilige That may be used
four months in The year. I feel willing To choose the land for him,
if The lines can be run To his liking otherwise it will be of little
account; for The <location_mentioned>timbered land</location_mentioned> is very narrow.</p>

<p>Lest I may not be able To see you soon, (for I have been waiting
<person_mentioned>Mr Hall</person_mentioned>'s return) that I may know my own chance for obtaining
land, before you leave us for The <location_mentioned>interior</location_mentioned>; I wish To know whether,<barker_pb n="1656"/>
in case you have not made me a selection, I may not have <location_mentioned>land That
is forfeited</location_mentioned> and lying without the <location_mentioned>Ten leagues reserved</location_mentioned>. For I
understand That The land granted to <person_mentioned>Joseph Calvert</person_mentioned> is To be 
forfeited, if so, I would like To procure it, should it meet your 
approbation</p>.

<p>[Endorsed:]<person_mentioned> Angier</person_mentioned> <date_mentioned n="06-03-1827">June 3d 1827</date_mentioned></p>

</div1>
</body>
</text>
</TEI.2>
