
<TEI.2 id="APB1026">
<project_title>Digital Stephen F. Austin Papers</project_title>
<project_editor>Andrew J. Torget</project_editor>

<document_creation>01-17-1825</document_creation>
<document_citation>Eugene Barker, ed., <hi rend="italic">Annual Report of the American Historical Association for the Year 1919: The Austin Papers</hi>, (Washington, D.C.: Government Printing Office, 1924), 3 vols., Vol 1, Part 2, pp. 1021</document_citation>
<document_language>English</document_language>
<document_status>Private</document_status>
<document_type>Letter</document_type>
<document_author>A. H. Philips</document_author>
<document_sender></document_sender>
<document_recipient>Stephen F. Austin</document_recipient>
<document_title>A. H. Philips to Stephen F. Austin, 01-17-1825</document_title>
<document_location>
	<sent_from>Colorado River, Texas</sent_from>
	<sent_to>Unknown</sent_to>
</document_location>
<barker_notes>
	<barker_summary>A. H. Philips to Austin, January 17, 1825.   Land.</barker_summary>
	<barker_footnotes></barker_footnotes>
	<barker_citation>Eugene Barker, ed., <hi rend="italic">Annual Report of the American Historical Association for the Year 1919: The Austin Papers</hi>, (Washington, D.C.: Government Printing Office, 1924), 3 vols., Vol 1, Part 2, pp. 1021</barker_citation>
</barker_notes>
<document_digital_creation>05-23-2010</document_digital_creation>

<respStmt>
<resp>Project Director and Editor: </resp> 
<name>Andrew J. Torget</name>
<resp>Creation of XML version: </resp>
<name>Debbie Liles</name>
</respStmt>
</titleStmt>

<text id="APB1026T">

<body>
<div1 type="summary">
<p>A. H. Philips to Austin, January 17, 1825.   Land.</p>
</div1>

<div1 type="body">
<p><location_mentioned>Colorado</location_mentioned> <date_mentioned n="01-17-1825">Jany 17, 1825</date_mentioned></p>
<p>Sir We have examined the Labours on this <location_mentioned>river</location_mentioned> and situated <location_mentioned>5th
6th 9th on the west</location_mentioned> and the <location_mentioned>5th on the East sides of the river</location_mentioned>�Our
horses being much worn puts it out of our power to return by your
<location_mentioned>office </location_mentioned>to make entries in person but hope that you will reserve the
land for us</p>

<p><person_mentioned>A. H. Philips</person_mentioned></p>
<p><person_mentioned>Stephen F. Austin</person_mentioned> Esq</p>

</div1>
</body>
</text>
</TEI.2>
