
<TEI.2 id="APB1610">
<project_title>Digital Stephen F. Austin Papers</project_title>
<project_editor>Andrew J. Torget</project_editor>

<document_creation>09-15-2010</document_creation>
<document_citation>Eugene Barker, ed., <hi rend="italic">Annual Report of the American Historical Association for the Year 1922: The Austin Papers</hi>, (Washington, D.C.: Government Printing Office, 1928), 3 vols., Vol 2, pp. 107</document_citation>
<document_language>English</document_language>
<document_status>Private</document_status>
<document_type>Bill</document_type>
<document_author>M M Battle</document_author>
<document_sender></document_sender>
<document_recipient>James and John Austin</document_recipient>
<document_title>M M Battle to James and John Austin, 09-15-2010</document_title>
<document_location>
	<sent_from>Cotton Gin, Texas</sent_from>
	<sent_to>Unknown</sent_to>
</document_location>
<barker_notes>
	<barker_summary>Mills M. Battle in account with J. and J. Austin, September 16, 1828. Bill and price list.</barker_summary>
	<barker_footnotes></barker_footnotes>
	<barker_citation>Eugene Barker, ed., <hi rend="italic">Annual Report of the American Historical Association for the Year 1919: The Austin Papers</hi>, (Washington, D.C.: Government Printing Office, 1924), 3 vols., Vol 1, Part 2, pp. 107</barker_citation>
</barker_notes>
<document_digital_creation>08-08-2010</document_digital_creation>

<respStmt>
<resp>Project Director and Editor: </resp> 
<name>Andrew J. Torget</name>
<resp>Creation of XML version: </resp>
<name>Debbie Liles</name>
</respStmt>
</titleStmt>

<text id="APB1610T">

<body>
<div1 type="summary">
<p>Mills M. Battle in account with J. and J. Austin, September 16, 1828. Bill and price list.</p>
</div1>

<div1 type="body">

<p><location_mentioned>Cotton Gin </location_mentioned>. <date_mentioned n="11-16-1828">Sepr 16 1828.</date_mentioned></p>
<p><person_mentioned>Mr. Mills M Battles</person_mentioned></p>

<p>To<person_mentioned> J. and J Austin</person_mentioned>�                                                               Dr.</p>

<p>To 10 lbs Coffee Sent by <person_mentioned>Barret </person_mentioned>@ 4/c  [four bits]------- 5.00</p>

<p>15   To  20   lb   Ditto   @   4/c-----------------------10.00</p>

To 16 lbs. Suger e. 2/c-----------------------------------4.00

<p>To Your order on <person_mentioned>S. F. Austin</person_mentioned>----------------------------$19.00</p>

<p>7.12 1/2</p>

<p>$26.12 1/2</p>
<p>Deduct 2 lbs.  coffee-------------------------------------  1. 00</p>

<p>$25.12 1/2</p>

</div1>
</body>
</text>
</TEI.2>
