
<TEI.2 id="APB1403">
<project_title>Digital Stephen F. Austin Papers</project_title>
<project_editor>Andrew J. Torget</project_editor>

<document_creation>06-02-1827</document_creation>
<document_citation>Eugene Barker, ed., <hi rend="italic">Annual Report of the American Historical Association for the Year 1919: The Austin Papers</hi>, (Washington, D.C.: Government Printing Office, 1924), 3 vols., Vol 1, Part 2, pp. 1654</document_citation>
<document_language>English</document_language>
<document_status>Private</document_status>
<document_type>Letter</document_type>
<document_author>William Scott</document_author>
<document_sender></document_sender>
<document_recipient>Stephen F. Austin</document_recipient>
<document_title>William Scott to Stephen F. Austin, 06-02-1827</document_title>
<document_location>
	<sent_from>Unknown</sent_from>
	<sent_to>Unknown</sent_to>
</document_location>
<barker_notes>
	<barker_summary>William Scott to Austin, June 2, 1827. Receipt for grinding corn and hire of boat.</barker_summary>
	<barker_footnotes></barker_footnotes>
	<barker_citation>Eugene Barker, ed., <hi rend="italic">Annual Report of the American Historical Association for the Year 1919: The Austin Papers</hi>, (Washington, D.C.: Government Printing Office, 1924), 3 vols., Vol 1, Part 2, pp. 1654</barker_citation>
</barker_notes>
<document_digital_creation>07-23-1-2010</document_digital_creation>

<respStmt>
<resp>Project Director and Editor: </resp> 
<name>Andrew J. Torget</name>
<resp>Creation of XML version: </resp>
<name>Debbie Liles</name>
</respStmt>
</titleStmt>

<text id="APB1403T">

<body>
<div1 type="summary">
<p>William Scott to Austin, June 2, 1827. Receipt for grinding corn and hire of boat.</p>
</div1>

<div1 type="body">

<p><person_mentioned>Stephen F Austin</person_mentioned>
</p>
<p>To <person_mentioned>Wm Scott Dr</person_mentioned>.</p>

<p>To grinding 8 bushels and 3 pecks Com __________________ $6.56 1/4
</p>
<p>To the Hire of sail Boat to go to <location_mentioned>Galveston</location_mentioned>_________________________23.43 3/4</p>

<p>3O. 00</p>
<p>Recd Payment by Credit on my note.</p>

<p><person_mentioned>Wm Scott</person_mentioned></p>

<p><date_mentioned n="06-02-1827">June 2d 1827</date_mentioned></p>


</div1>
</body>
</text>
</TEI.2>
