
<TEI.2 id="APB1787">
<project_title>Digital Stephen F. Austin Papers</project_title>
<project_editor>Andrew J. Torget</project_editor>

<document_creation>11-10-1829</document_creation>
<document_citation>Eugene Barker, ed., <hi rend="italic">Annual Report of the American Historical Association for the Year 1922: The Austin Papers</hi>, (Washington, D.C.: Government Printing Office, 1928), 3 vols., Vol 2, pp. 285</document_citation>
<document_language>English</document_language>
<document_status>Private</document_status>
<document_type>Letter</document_type>
<document_author>John Durst</document_author>
<document_sender></document_sender>
<document_recipient>Stephen F Austin</document_recipient>
<document_title>John Durst to Stephen F Austin, 11-10-1829</document_title>
<document_location>
	<sent_from>Nacogdoches, Texas</sent_from>
	<sent_to>Unknown</sent_to>
</document_location>
<barker_notes>
	<barker_summary>John Durst to Austin, Nacogdoches, November 10, 1829. Asking Austin's advice concerning Guerrero's emancipation decree.</barker_summary>
	<barker_footnotes></barker_footnotes>
	<barker_citation>Eugene Barker, ed., <hi rend="italic">Annual Report of the American Historical Association for the Year 1919: The Austin Papers</hi>, (Washington, D.C.: Government Printing Office, 1924), 3 vols., Vol 1, Part 2, pp. 285</barker_citation>
</barker_notes>
<document_digital_creation>08-16-2010</document_digital_creation>

<respStmt>
<resp>Project Director and Editor: </resp> 
<name>Andrew J. Torget</name>
<resp>Creation of XML version: </resp>
<name>Debbie Liles</name>
</respStmt>
</titleStmt>

<text id="APB1787T">

<body>
<div1 type="summary">
<p>John Durst to Austin, Nacogdoches, November 10, 1829. Asking Austin's advice concerning Guerrero's emancipation decree.</p>
</div1>

<div1 type="body">

<p><location_mentioned>Nacogdochs </location_mentioned><date_mentioned n="11-10-1829">Novr the 10th 1829</date_mentioned></p>
<p><person_mentioned>S. F Austin</person_mentioned></p>
<p>Dear Sir We have receivd by last Mail a Decree Given by the
<person_mentioned>excutive of our Governmt </person_mentioned>Liberating all the <person_mentioned>Slaves </person_mentioned>in its <location_mentioned>territory</location_mentioned>
I have so farr succeeded with the <person_mentioned>cival and Military othoraties</person_mentioned> to
Suspend its Publication and expose to the <person_mentioned>Governor </person_mentioned>the evil arrising
from such Law should it have efect you no Doubt have it before
this and I doubt nott you have taken Measures to Surpress it, in the
Name of God what Shall we do for Gods Sake advise me on the
subject by the return of Mail we are ruind for ever Should this
Measure be adopted   Yours</p>

<p><person_mentioned>John Durst [Rubric]</person_mentioned></p>

</div1>
</body>
</text>
</TEI.2>
