
<TEI.2 id="APB1506">
<project_title>Digital Stephen F. Austin Papers</project_title>
<project_editor>Andrew J. Torget</project_editor>

<document_creation>03-02-1828</document_creation>
<document_citation>Eugene Barker, ed., <hi rend="italic">Annual Report of the American Historical Association for the Year 1922: The Austin Papers</hi>, (Washington, D.C.: Government Printing Office, 1928), 3 vols., Vol 2, pp. 20-22</document_citation>
<document_language>English</document_language>
<document_status>Private</document_status>
<document_type>Letter</document_type>
<document_author>James F Perry</document_author>
<document_sender>James Cole</document_sender>
<document_recipient>Stephen F Austin</document_recipient>
<document_title>James F Perry to Stephen F Austin, 03-02-1828</document_title>
<document_location>
	<sent_from>Potosi, Missouri</sent_from>
	<sent_to>San Felipe de Austin, Province of Texas</sent_to>
</document_location>
<barker_notes>
	<barker_summary>James F. Perry to Stephen F. and James Austin, Potosi, March 2, 1828. Conditions in Missouri.   Local political news.</barker_summary>
	<barker_footnotes></barker_footnotes>
	<barker_citation>Eugene Barker, ed., <hi rend="italic">Annual Report of the American Historical Association for the Year 1919: The Austin Papers</hi>, (Washington, D.C.: Government Printing Office, 1924), 3 vols., Vol 1, Part 2, pp. 20-22</barker_citation>
</barker_notes>
<document_digital_creation>07-30-2010</document_digital_creation>

<respStmt>
<resp>Project Director and Editor: </resp> 
<name>Andrew J. Torget</name>
<resp>Creation of XML version: </resp>
<name>Debbie Liles</name>
</respStmt>
</titleStmt>

<text id="APB1506T">

<body>
<div1 type="summary">
<p>James F. Perry to Stephen F. and James Austin, Potosi, March 2, 1828. Conditions in Missouri.   Local political news.</p>
</div1>

<div1 type="body">

<p>Potosi Missouri March 2d 1828</p>
<p>Dear <person_mentioned>Friends</person_mentioned>.</p>

<p>We take the opportunity of writing to you by <person_mentioned>Mr James Cole</person_mentioned> who
says he is going directly to your <location_mentioned>Country   </location_mentioned>we feel anxious to hear<barker_pb n="21"/>
from you as we have not heard from you for a long time, the last
letter we had was from <person_mentioned>James </person_mentioned>dated in <date_mentioned n="07-xx-1827">July </date_mentioned>or <date_mentioned n="08-xx-1827">august </date_mentioned>last in which
he said he expected to [be] a married man on the<date_mentioned n="10-03-1828"> 3d of Oct</date_mentioned>. We
have not heard neether by letter or otherwise since we wrote you
on the <date_mentioned n="07-22-1828">22d of July</date_mentioned> last respecting some Land in <person_mentioned>Wyth County 
Virginia</person_mentioned> also a Tract in <person_mentioned>Newjersay</person_mentioned> we also wrote you on the <date_mentioned n="08-12-1828">12th of
august</date_mentioned> on the same subject none of which we have had a reply to
on <date_mentioned n="07-22-1828">22d of July</date_mentioned> we enclose [d] to you a note on <person_mentioned>Bartlet Sims</person_mentioned> in favr of
<person_mentioned>Alfred Sougroun</person_mentioned> for $788.61. please say whether you recd it and
if so what prospect there is for collecting the money. In <person_mentioned>Stephen</person_mentioned>s
letter to us of the<date_mentioned n="05-26-1827"> 26th of May last</date_mentioned> he expresed a wish for me to
visit that <location_mentioned>country </location_mentioned>last fall I feel anxious to see the <location_mentioned>Country </location_mentioned>but
the situation of my business would not permit me to leave it nor is
my prospect any better at preasant. Now our <person_mentioned>Family </person_mentioned>is all well at
preasent but it has pleased divine providence to deprive us of our
little daughter <person_mentioned>Emely</person_mentioned>. she was taken sudenly and died in a few
hours without any previas sickness the shock was verry great the
loss of a near relation is surely felt but no one knows the feeling of
a <person_mentioned>parent </person_mentioned>but a parent. We have since had another added to our
famaly a <person_mentioned>daughter </person_mentioned>about 2 months old we call hir <person_mentioned>Eliza Margrett</person_mentioned>.
the boys <person_mentioned>Joel</person_mentioned> <person_mentioned>Austin </person_mentioned>and <person_mentioned>Guy </person_mentioned>are going to school and I think
progress as well as boys of there age could be expected. I know of
no material change among your old <person_mentioned>acquantences </person_mentioned><person_mentioned>W C. Carr</person_mentioned> is our
circuit <person_mentioned>Judge </person_mentioned>he was here two weeks since we have a great many
enquiries for you all your old <person_mentioned>acquantences </person_mentioned>and <person_mentioned>friends </person_mentioned>apear
anxious to hear how you are doing Business is very dul here at
present the great emigration within the last year to the <location_mentioned>Fever
River Mines </location_mentioned>togather with the low price of Lead has made business
verry dull Lead is only worth now at the <location_mentioned>river </location_mentioned>$4.50 and but $5.60
in <location_mentioned>Phila Potosi</location_mentioned> has been and is still improving some we are now
living on the lots formaly owned by <person_mentioned>Josiah Beardsley.</person_mentioned> I expect you
recollect where they are we have got a small but comfortable house
built and are making some other improvements and in a short time
will be tolarably conveniantly fixed for living our <location_mentioned>country </location_mentioned>has 
improved since you left this <location_mentioned>country </location_mentioned>but not near as much as might
be expected <location_mentioned>St Louis</location_mentioned> is improving rapidly. <person_mentioned>S Perry</person_mentioned> has 
purchased <person_mentioned>part of old Chouto lot opposit the market</person_mentioned> in that place and
is building a house in it that he has rented for $1828. pr annum,
the aproching presidentle Election creates a great interest: party
spirit runs very high the <person_mentioned>members of Congress</person_mentioned> in all there offitial acts
are verry much governed by party spirit, and it has a great 
influeance in all our state Elections and Legislational proceedings 
Administration and Anti administration <person_mentioned>Adams </person_mentioned>and <person_mentioned>Jackson </person_mentioned>Internal
improvements and state rights are the subjects of differance.   I<barker_pb n="22"/>
think it will be a close contest   it is uncertain who will be the next
<person_mentioned>President </person_mentioned>the <person_mentioned>friends </person_mentioned>of each are verry sanguine. I know of 
nothing more interesting to write you excuse the scrawl as I have not
time to copy   <person_mentioned>Mr Cole</person_mentioned> is just starting   write to us offener</p>
<p><person_mentioned>J. F and Emily Perry</person_mentioned></p>

<p><person_mentioned>Mr. S. F. Austin</person_mentioned> & <person_mentioned>J. B Austin</person_mentioned></p>

<p>Give our best respects to our new <person_mentioned>sisterinlaw</person_mentioned> if we have one
[Addressed:] <person_mentioned>Col, Stephen F Austin</person_mentioned> or <person_mentioned>Jas B Austin</person_mentioned> <location_mentioned>San Felipe de Austin Provance of Texas</location_mentioned>politeness of <person_mentioned>Mr James Cole</person_mentioned></p>

</div1>
</body>
</text>
</TEI.2>
